site.date,nds.id,nutrient,N,P,Si,top,cr.area,gpp.area,chla_mgL,chla_ug_cm2,Notes
Satus_summer_2018,AA1,N,1,0,0,cellulose,-25.65282908,0,,NA,sponge very thin
Satus_summer_2018,AA2,P,0,1,0,cellulose,,,,NA,
Satus_summer_2018,AA3,NP,1,1,0,glass,-19.28928,0,0.92256289,2.378058645,
Satus_summer_2018,AA4,NSi,1,0,1,cellulose,-15.76524285,0,,NA,
Satus_summer_2018,AA5,NPSi,1,1,1,glass,-15.48945614,0,0.640630752,1.651331865,
Satus_summer_2018,AA6,NP,1,1,0,cellulose,-21.03966381,2.241895402,,NA,
Satus_summer_2018,AA7,NSi,1,0,1,glass,-15.79109786,2.86504814,0.216947125,0.559217146,
Satus_summer_2018,AA8,Si,0,0,1,cellulose,-25.86593136,0.462339834,,NA,
Satus_summer_2018,AB1,control,0,0,0,glass,,,0.209692789,0.540517893,respiration not measured so no GPP or CR
Satus_summer_2018,AB2,PSi,0,1,1,cellulose,-21.27349119,0,,NA,
Satus_summer_2018,AB3,control,0,0,0,glass,-11.21270112,0,0.345349676,0.890195986,
Satus_summer_2018,AB4,PSi,0,1,1,cellulose,-29.71769799,4.571200844,,NA,
Satus_summer_2018,AB5,NSi,1,0,1,cellulose,-24.34198492,1.936760969,,NA,
Satus_summer_2018,AB6,Si,0,0,1,glass,-13.43530094,2.620402615,0.449026697,1.15744068,
Satus_summer_2018,AB7,NPSi,1,1,1,glass,-15.2631002,0.118627903,0.240106263,0.61891366,
Satus_summer_2018,AB8,NPSi,1,1,1,glass,-15.96609991,0,0.210213452,0.541859989,
Satus_summer_2018,AC1,NSi,1,0,1,cellulose,-20.88709792,4.562303448,,NA,
Satus_summer_2018,AC2,N,1,0,0,glass,-11.67780165,3.477388378,0.712692624,1.837083276,
Satus_summer_2018,AC3,control,0,0,0,cellulose,-13.9474048,0,,NA,
Satus_summer_2018,AC4,NPSi,1,1,1,cellulose,-27.70792384,3.920240131,,NA,
Satus_summer_2018,AC5,Si,0,0,1,cellulose,-12.56426715,0,,NA,
Satus_summer_2018,AC6,N,1,0,0,cellulose,-22.93779953,0,,NA,
Satus_summer_2018,AC7,N,1,0,0,cellulose,-25.49660418,2.09383801,,NA,
Satus_summer_2018,AC8,P,0,1,0,glass,-16.94122855,27.69866916,0.545495772,1.406105697,
Satus_summer_2018,AD1,NP,1,1,0,cellulose,-27.8484959,4.935046442,,NA,
Satus_summer_2018,AD2,control,0,0,0,cellulose,-31.31961369,8.205228089,,NA,sponge falling apart but all SA there
Satus_summer_2018,AD3,NP,1,1,0,glass,-19.75105038,0,1.023224603,2.637530882,
Satus_summer_2018,AD4,PSi,0,1,1,glass,-15.29484857,6.233253615,0.733358285,1.890352438,
Satus_summer_2018,AD5,N,1,0,0,cellulose,-31.33450327,16.22381326,,NA,sponge partly eaten and new SA measured
Satus_summer_2018,AD6,NSi,1,0,1,glass,-14.25124159,2.382529984,0.301495734,0.777155188,
Satus_summer_2018,AD7,PSi,0,1,1,cellulose,-25.10509621,3.015640682,,NA,
Satus_summer_2018,AD8,N,1,0,0,glass,-15.82549997,2.415814664,0.345320882,0.890121767,
Satus_summer_2018,U1,control,0,0,0,glass,-0.429806215,1.032141269,0.259372595,0.668575821,
Satus_summer_2018,U2,PSi,0,1,1,glass,-3.03090516,0,0.139363319,0.359232037,
Satus_summer_2018,U3,P,0,1,0,glass,-3.862404003,0,0.14664325,0.377997263,
Satus_summer_2018,U4,Si,0,0,1,cellulose,-20.95739789,0,,NA,
Satus_summer_2018,U5,P,0,1,0,cellulose,-15.92461141,0,,NA,
Satus_summer_2018,U6,PSi,0,1,1,glass,-7.515814723,2.05141801,0.094771947,0.244290388,
Satus_summer_2018,U7,P,0,1,0,cellulose,-20.86309305,0,,NA,
Satus_summer_2018,U8,NSi,1,0,1,glass,-9.815696009,0,0.159425918,0.410946708,
Satus_summer_2018,V1,NSi,1,0,1,glass,-6.999972403,0,0.522649811,1.347216451,
Satus_summer_2018,V2,P,0,1,0,glass,-5.747141066,0,0.426615837,1.099672977,
Satus_summer_2018,V3,P,0,1,0,cellulose,-19.67871337,0,,NA,
Satus_summer_2018,V4,PSi,0,1,1,glass,-8.512106062,2.182550872,0.925259871,2.385010561,
Satus_summer_2018,V5,N,1,0,0,glass,-5.6292793,4.762291839,1.323850053,3.41244277,
Satus_summer_2018,V6,NPSi,1,1,1,glass,-8.418046052,0,1.410092673,3.634747407,
Satus_summer_2018,V7,Si,0,0,1,glass,-5.6292793,0.956770892,0.900900658,2.322220655,
Satus_summer_2018,V8,Si,0,0,1,glass,-4.995547875,3.584521046,0.634772895,1.63623227,
Satus_summer_2018,W1,control,0,0,0,cellulose,-12.85250881,0,,NA,sponge falling apart but all SA there
Satus_summer_2018,W2,NP,1,1,0,glass,-11.6837047,0,1.332574452,3.434931354,
Satus_summer_2018,W3,NP,1,1,0,cellulose,-16.44648305,0,,NA,sponge falling apart but all SA there
Satus_summer_2018,W4,N,1,0,0,glass,-9.164577673,10.25279702,1.609458148,4.148644938,
Satus_summer_2018,W5,PSi,0,1,1,cellulose,-13.07904394,0,,NA,sponge falling apart but all SA there
Satus_summer_2018,W6,NP,1,1,0,glass,-12.56738701,0.613752306,1.787284563,4.607021974,
Satus_summer_2018,W7,P,0,1,0,glass,-8.985788459,4.297112174,0.933963475,2.407445542,
Satus_summer_2018,W8,N,1,0,0,glass,-7.642689004,10.2822595,1.550498871,3.996667635,
Satus_summer_2018,X1,Si,0,0,1,cellulose,,,,NA,completely eaten
Satus_summer_2018,X2,NSi,1,0,1,cellulose,-15.28653352,0,,NA,sponge very thin
Satus_summer_2018,X3,NP,1,1,0,cellulose,-21.00972644,0,,NA,sponge falling apart but all SA there
Satus_summer_2018,X4,NPSi,1,1,1,cellulose,-23.56801112,0,,NA,sponge falling apart but all SA there
Satus_summer_2018,X5,P,0,1,0,cellulose,-19.74049993,8.024094297,,NA,
Satus_summer_2018,X6,NP,1,1,0,cellulose,-26.66422968,2.77861818,,NA,
Satus_summer_2018,X7,Si,0,0,1,glass,-13.26009178,10.04160407,1.121640431,2.891213978,
Satus_summer_2018,X8,control,0,0,0,cellulose,,,,NA,
Satus_summer_2018,Y1,PSi,0,1,1,glass,-10.70820282,3.208269363,0.485994218,1.252730589,
Satus_summer_2018,Y2,control,0,0,0,glass,-9.988439262,5.033815192,0.364844404,0.940446879,
Satus_summer_2018,Y3,NP,1,1,0,glass,-13.45639093,1.078819401,0.708866302,1.827220297,
Satus_summer_2018,Y4,NPSi,1,1,1,cellulose,-33.50138135,6.518659141,,NA,
Satus_summer_2018,Y5,control,0,0,0,cellulose,-25.98384585,2.664278984,,NA,
Satus_summer_2018,Y6,NPSi,1,1,1,cellulose,-34.44072099,5.80971074,,NA,
Satus_summer_2018,Y7,NPSi,1,1,1,glass,-14.90373094,4.99135045,1.150517008,2.965648138,
Satus_summer_2018,Y8,NSi,1,0,1,glass,-12.71834461,4.713550441,0.936758034,2.41464898,
Satus_summer_2018,Z1,N,1,0,0,cellulose,-23.94749001,0,,NA,
Satus_summer_2018,Z2,P,0,1,0,glass,-13.59399279,4.31503263,0.782679773,2.017486742,
Satus_summer_2018,Z3,NSi,1,0,1,cellulose,-20.6709906,0,,NA,
Satus_summer_2018,Z4,NPSi,1,1,1,cellulose,-38.16190478,10.63057751,,NA,
Satus_summer_2018,Z5,Si,0,0,1,cellulose,-27.54725609,11.1514443,,NA,
Satus_summer_2018,Z6,Si,0,0,1,glass,-10.72091283,6.738302677,0.891010127,2.296726172,
Satus_summer_2018,Z7,control,0,0,0,glass,-11.45526937,4.803380401,0.43349266,1.117399126,
Satus_summer_2018,Z8,PSi,0,1,1,cellulose,-34.03673287,27.5874883,,NA,
