site.date,nds.id,nutrient,N,P,Si,top,cr.area,gpp.area,chla,nrr.gpp,nrr.cr
Satus_fall_2018,U1,control,0,0,0,glass,-8.999537896,4.230655688,0,0.973638886127221,NA
Satus_fall_2018,W1,control,0,0,0,sponge,-15.73584392,0,0,NA,0.919300114504709
Satus_fall_2018,X8,control,0,0,0,sponge,-16.13875107,0,0,NA,0.942838260346318
Satus_fall_2018,Y2,control,0,0,0,glass,-15.00087602,0,0,0,NA
Satus_fall_2018,Y5,control,0,0,0,sponge,-16.26268242,0,0,NA,0.950078425209731
Satus_fall_2018,Z7,control,0,0,0,glass,-16.25801925,7.842842934,NA,1.80494406103286,NA
Satus_fall_2018,AB1,control,0,0,0,glass,-16.87522696,6.08374153,0,1.4001062160545,NA
Satus_fall_2018,AB3,control,0,0,0,glass,-17.54684117,3.568761159,0,0.821311138497653,NA
Satus_fall_2018,AC3,control,0,0,0,sponge,-18.44095745,0,0,NA,1.07733492919403
Satus_fall_2018,AD2,control,0,0,0,sponge,-19.0079384,0,NA,NA,1.11045839272778
Satus_fall_2018,V5,N,1,0,0,glass,-11.21725092,6.05782141,0,1.39414098545521,NA
Satus_fall_2018,W4,N,1,0,0,glass,-14.72497109,1.42199398,0,0.327256278192028,NA
Satus_fall_2018,W8,N,1,0,0,glass,-13.81182382,6.260630938,0,1.44081536822241,NA
Satus_fall_2018,Z1,N,1,0,0,sponge,-16.01678905,0,0,NA,0.935713145257402
Satus_fall_2018,AA1,N,1,0,0,sponge,-17.42369693,0,NA,NA,1.01790578657724
Satus_fall_2018,AC2,N,1,0,0,glass,-18.14475236,5.465718004,0,1.257874897358,NA
Satus_fall_2018,AC6,N,1,0,0,sponge,-18.60500297,0,NA,NA,1.0869185947468
Satus_fall_2018,AC7,N,1,0,0,sponge,-18.80593911,0,NA,NA,1.09865743871661
Satus_fall_2018,AD5,N,1,0,0,sponge,-18.87291782,0.167953531,NA,NA,1.10257038651181
Satus_fall_2018,AD8,N,1,0,0,glass,-19.49280988,2.591841168,NA,0.596483744821872,NA
Satus_fall_2018,W2,NP,1,1,0,glass,-15.95733208,7.374580247,0,1.6971785526558,NA
Satus_fall_2018,W3,NP,1,1,0,sponge,-16.64076908,0,0,NA,0.972166538919917
Satus_fall_2018,W6,NP,1,1,0,glass,-13.29254597,2.172764529,0,0.500037864540182,NA
Satus_fall_2018,X3,NP,1,1,0,sponge,-16.22785034,1.920657664,0,NA,0.948043508284065
Satus_fall_2018,X6,NP,1,1,0,sponge,-15.87603754,1.391630352,0,NA,0.927490333699437
Satus_fall_2018,Y3,NP,1,1,0,glass,-13.84231233,4.796557393,0,1.10387494085428,NA
Satus_fall_2018,AA3,NP,1,1,0,glass,-17.2859222,7.728659456,NA,1.77866598913744,NA
Satus_fall_2018,AA6,NP,1,1,0,sponge,-16.30497924,0.229963752,NA,NA,0.952549437992195
Satus_fall_2018,AD1,NP,1,1,0,sponge,-18.90667297,1.283810306,NA,NA,1.10454238835791
Satus_fall_2018,AD3,NP,1,1,0,glass,-18.77165239,8.768531693,NA,2.0179811500046,NA
Satus_fall_2018,V6,NPSi,1,1,1,glass,-11.79446391,1.870822634,0,0.430549257571573,NA
Satus_fall_2018,X4,NPSi,1,1,1,sponge,-16.3180231,0,0,NA,0.953311470333933
Satus_fall_2018,Y4,NPSi,1,1,1,sponge,-15.98630455,0,0,NA,0.933932217301895
Satus_fall_2018,Y6,NPSi,1,1,1,sponge,-16.64581472,0,0,NA,0.972461309092609
Satus_fall_2018,Y7,NPSi,1,1,1,glass,-16.54455198,5.360206614,0,1.23359261115714,NA
Satus_fall_2018,Z4,NPSi,1,1,1,sponge,-17.02099348,0,0,NA,0.994379541046433
Satus_fall_2018,AA5,NPSi,1,1,1,glass,-17.30596846,3.903654774,NA,0.898383221485777,NA
Satus_fall_2018,AB7,NPSi,1,1,1,glass,-17.59697334,6.838974058,0,1.57391467780539,NA
Satus_fall_2018,AB8,NPSi,1,1,1,glass,-18.08772122,3.967549386,0,0.913087863849765,NA
Satus_fall_2018,AC4,NPSi,1,1,1,sponge,-18.2083634,0,0,NA,1.06374660575328
Satus_fall_2018,U8,NSi,1,0,1,glass,-11.22029978,5.045472551,0,1.16116002738654,NA
Satus_fall_2018,V1,NSi,1,0,1,glass,-10.48813979,3.501269627,0,0.805778704547547,NA
Satus_fall_2018,X2,NSi,1,0,1,sponge,-12.42508449,0.719400843,0,NA,0.72588300014021
Satus_fall_2018,Y8,NSi,1,0,1,glass,-16.54455198,3.916819,0,0.9014128233453,NA
Satus_fall_2018,Z3,NSi,1,0,1,sponge,-16.90992631,0,0,NA,0.98789091148085
Satus_fall_2018,AA4,NSi,1,0,1,sponge,-16.32421473,0.699848075,NA,NA,0.953673190124553
Satus_fall_2018,AA7,NSi,1,0,1,glass,-17.01116235,5.500501109,NA,1.26587984649728,NA
Satus_fall_2018,AB5,NSi,1,0,1,sponge,-17.99631474,0,0,NA,1.05135855981118
Satus_fall_2018,AC1,NSi,1,0,1,sponge,-18.27945527,0,0,NA,1.06789984752179
Satus_fall_2018,AD6,NSi,1,0,1,glass,-18.9745867,7.244753366,NA,1.66730032357544,NA
Satus_fall_2018,U3,P,0,1,0,glass,-12.61471393,0.057299487,0,0.0131868468655068,NA
Satus_fall_2018,U5,P,0,1,0,sponge,-14.7716677,0,0,NA,0.862972197555675
Satus_fall_2018,U7,P,0,1,0,sponge,-15.45223629,0,0,NA,0.902731538452551
Satus_fall_2018,V2,P,0,1,0,glass,-12.03750095,3.872056912,0,0.891111320997883,NA
Satus_fall_2018,V3,P,0,1,0,sponge,-10.72987949,0,0,NA,0.626847819152665
Satus_fall_2018,W7,P,0,1,0,glass,-15.61064638,0,0,0,NA
Satus_fall_2018,X5,P,0,1,0,sponge,-13.473531,0,0,NA,0.787134052298273
Satus_fall_2018,Z2,P,0,1,0,glass,-15.33380174,2.02983598,0,0.467144430636104,NA
Satus_fall_2018,AA2,P,0,1,0,sponge,-17.73452869,1.867410746,NA,NA,1.03606481725983
Satus_fall_2018,AC8,P,0,1,0,glass,-18.56912152,6.462115157,NA,1.4871847456964,NA
Satus_fall_2018,U2,PSi,0,1,1,glass,-10.15396386,4.484052368,0,1.03195534566878,NA
Satus_fall_2018,U6,PSi,0,1,1,glass,-11.57318816,2.296161228,0,0.528436257939796,NA
Satus_fall_2018,V4,PSi,0,1,1,glass,-12.06788058,0.860270018,0,0.197981685077787,NA
Satus_fall_2018,W5,PSi,0,1,1,sponge,-15.81549451,0,0,NA,0.923953363283715
Satus_fall_2018,Y1,PSi,0,1,1,glass,-12.78962695,0,0,0,NA
Satus_fall_2018,Z8,PSi,0,1,1,sponge,-17.83325935,6.236792351,NA,NA,1.04183273841516
Satus_fall_2018,AB2,PSi,0,1,1,sponge,-18.03199117,0,0,NA,1.05344280431379
Satus_fall_2018,AB4,PSi,0,1,1,sponge,-17.11971166,0,0,NA,1.00014673311056
Satus_fall_2018,AD4,PSi,0,1,1,glass,-18.66958005,9.340504108,NA,2.14961431188438,NA
Satus_fall_2018,AD7,PSi,0,1,1,sponge,-19.21316968,1.700005388,NA,NA,1.12244816208258
Satus_fall_2018,U4,Si,0,0,1,sponge,-14.3767325,14.3767325,0,NA,0.83989977916949
Satus_fall_2018,V7,Si,0,0,1,glass,-10.69960797,6.298956079,0,1.44963547799871,NA
Satus_fall_2018,V8,Si,0,0,1,glass,-9.095217515,3.576367019,0,0.8230615435423,NA
Satus_fall_2018,X1,Si,0,0,1,sponge,-9.733173654,3.24873584,0,NA,0.568619496997172
Satus_fall_2018,X7,Si,0,0,1,glass,-12.32729246,2.916816547,0,0.671273254855933,NA
Satus_fall_2018,Z5,Si,0,0,1,sponge,-17.30349041,0,NA,NA,1.01088322914963
Satus_fall_2018,Z6,Si,0,0,1,glass,-16.22651445,11.67783656,NA,2.68752567430728,NA
Satus_fall_2018,AA8,Si,0,0,1,sponge,-15.14940688,2.255607987,NA,NA,0.885040011216788
Satus_fall_2018,AB6,Si,0,0,1,glass,-17.53154029,6.321382168,0,1.45479659578385,NA
Satus_fall_2018,AC5,Si,0,0,1,sponge,-17.07158443,0,NA,NA,0.997335103287921
Ahtanum_fall_2018,A6,control,0,0,0,sponge,-13.62759973,0,0,NA,0.804462793978748
Ahtanum_fall_2018,B5,control,0,0,0,glass,-20.66947773,0,0,0,NA
Ahtanum_fall_2018,B7,control,0,0,0,sponge,-16.46448186,0,0,NA,0.971929271546635
Ahtanum_fall_2018,C4,control,0,0,0,sponge,-17.44295145,0,0,NA,1.02969016824085
Ahtanum_fall_2018,D7,control,0,0,0,glass,-14.51724171,2.198356194,0,0.350939656141247,NA
Ahtanum_fall_2018,F5,control,0,0,0,glass,-20.54726082,11.9730645,NA,1.9113477379394,NA
Ahtanum_fall_2018,F6,control,0,0,0,glass,-21.53178589,9.214948817,NA,1.47104958606047,NA
Ahtanum_fall_2018,G1,control,0,0,0,glass,-19.94895862,7.934836729,NA,1.26669594345647,NA
Ahtanum_fall_2018,G4,control,0,0,0,sponge,-19.55876153,1.547692605,NA,NA,1.15459040909091
Ahtanum_fall_2018,J6,control,0,0,0,sponge,-17.6048312,0,NA,NA,1.03924623376623
Ahtanum_fall_2018,B3,N,1,0,0,glass,-12.52164913,0,0,0,NA
Ahtanum_fall_2018,B4,N,1,0,0,sponge,-9.16293976,0,0,NA,0.540905534828808
Ahtanum_fall_2018,B6,N,1,0,0,sponge,-14.23751152,0,0,NA,0.840467031877214
Ahtanum_fall_2018,C2,N,1,0,0,sponge,-12.15657202,0,0,NA,0.717625266824085
Ahtanum_fall_2018,D5,N,1,0,0,glass,-13.48377268,3.56327905,0,0.568832261102775,NA
Ahtanum_fall_2018,F7,N,1,0,0,glass,-16.92420859,5.273344914,NA,0.841822565371476,NA
Ahtanum_fall_2018,G5,N,1,0,0,glass,-16.05782653,4.931316354,NA,0.787222048146611,NA
Ahtanum_fall_2018,G7,N,1,0,0,glass,-13.85249039,4.790738045,NA,0.764780505890617,NA
Ahtanum_fall_2018,H1,N,1,0,0,sponge,-13.85641067,0.171026751,0,NA,0.817969933293979
Ahtanum_fall_2018,J5,N,1,0,0,sponge,-18.25096011,10.95070301,NA,NA,1.07738843624557
Ahtanum_fall_2018,A4,NP,1,1,0,glass,-8.921988871,0,0,0,NA
Ahtanum_fall_2018,D1,NP,1,1,0,sponge,-9.694613186,0,0,NA,0.572291215230224
Ahtanum_fall_2018,D2,NP,1,1,0,glass,-10.88326598,0,0,0,NA
Ahtanum_fall_2018,D6,NP,1,1,0,sponge,-9.602492595,0,0,NA,0.566853163813459
Ahtanum_fall_2018,E1,NP,1,1,0,glass,-9.440758526,3.23526653,0,0.516469226716899,NA
Ahtanum_fall_2018,F3,NP,1,1,0,glass,-10.31109051,3.75299694,0,0.59911831359152,NA
Ahtanum_fall_2018,G2,NP,1,1,0,sponge,-17.3039925,6.349373742,NA,NA,1.02148716056671
Ahtanum_fall_2018,H7,NP,1,1,0,sponge,-14.29642169,0.953349167,0,NA,0.843944609799292
Ahtanum_fall_2018,I2,NP,1,1,0,sponge,-14.00246188,0,0,NA,0.82659161038961
Ahtanum_fall_2018,J4,NP,1,1,0,glass,-18.89215971,8.600206531,NA,1.37291378484084,NA
Ahtanum_fall_2018,A8,NPSi,1,1,1,sponge,-10.29608293,0,0,NA,0.607797103305785
Ahtanum_fall_2018,B2,NPSi,1,1,1,sponge,-8.724847234,0,0,NA,0.515044110625738
Ahtanum_fall_2018,C3,NPSi,1,1,1,glass,-16.19633902,0,0,0,NA
Ahtanum_fall_2018,C8,NPSi,1,1,1,sponge,-13.24910494,0,0,NA,0.782119536009445
Ahtanum_fall_2018,F2,NPSi,1,1,1,sponge,-13.51070664,1.994529287,0,NA,0.797562375442739
Ahtanum_fall_2018,F4,NPSi,1,1,1,glass,-12.4571745,3.761459656,0,0.60046927875866,NA
Ahtanum_fall_2018,H3,NPSi,1,1,1,glass,-14.28515163,4.541812569,0,0.725042713993806,NA
Ahtanum_fall_2018,H5,NPSi,1,1,1,sponge,-15.27691715,7.865527371,0,NA,0.901825097402597
Ahtanum_fall_2018,H6,NPSi,1,1,1,glass,-17.17539552,9.244495707,0,1.47576637192299,NA
Ahtanum_fall_2018,I7,NPSi,1,1,1,glass,-15.5064925,10.60000154,NA,1.69215566872067,NA
Ahtanum_fall_2018,B1,NSi,1,0,1,sponge,-5.86117618,0,0,NA,0.345996232585596
Ahtanum_fall_2018,C6,NSi,1,0,1,sponge,-13.9005659,0,0,NA,0.820576499409681
Ahtanum_fall_2018,E2,NSi,1,0,1,sponge,-15.33209091,5.634973433,0,NA,0.905082108028335
Ahtanum_fall_2018,E4,NSi,1,0,1,glass,-9.358798694,4.352421922,0,0.694808901695348,NA
Ahtanum_fall_2018,E6,NSi,1,0,1,glass,-13.17513715,6.73374668,0,1.07495716611858,NA
Ahtanum_fall_2018,F8,NSi,1,0,1,sponge,-13.41929936,0.83001863,NA,NA,0.792166432113341
Ahtanum_fall_2018,G3,NSi,1,0,1,glass,-14.91541617,5.712801619,NA,0.911976249002267,NA
Ahtanum_fall_2018,G6,NSi,1,0,1,glass,-11.45024923,5.324988684,NA,0.850066837585007,NA
Ahtanum_fall_2018,I1,NSi,1,0,1,glass,-13.40712705,4.885479279,0,0.779904741068293,NA
Ahtanum_fall_2018,I6,NSi,1,0,1,sponge,-16.18958049,4.853581095,NA,NA,0.955701327626919
Ahtanum_fall_2018,A2,P,0,1,0,sponge,-14.22761113,0,0,NA,0.839882593270366
Ahtanum_fall_2018,A5,P,0,1,0,sponge,-11.31099131,0,0,NA,0.667709050177096
Ahtanum_fall_2018,C1,P,0,1,0,glass,-13.28831105,0,0,0,NA
Ahtanum_fall_2018,C5,P,0,1,0,glass,-15.99952219,0,0,0,NA
Ahtanum_fall_2018,C7,P,0,1,0,glass,-15.59446045,0,0,0,NA
Ahtanum_fall_2018,D4,P,0,1,0,sponge,-19.50427145,10.42006557,0,NA,1.15137375737898
Ahtanum_fall_2018,E8,P,0,1,0,glass,-11.90501889,5.073468624,0,0.809914853293318,NA
Ahtanum_fall_2018,I3,P,0,1,0,sponge,-17.6858155,5.198394336,0,NA,1.04402688902007
Ahtanum_fall_2018,I5,P,0,1,0,glass,-18.70228783,9.173477879,NA,1.46442927732192,NA
Ahtanum_fall_2018,J8,P,0,1,0,sponge,-21.14525481,3.517928591,NA,NA,1.24824408559622
Ahtanum_fall_2018,A3,PSi,0,1,1,glass,-13.43465128,0,0,0,NA
Ahtanum_fall_2018,B8,PSi,0,1,1,glass,-10.58674047,0,0,0,NA
Ahtanum_fall_2018,D3,PSi,0,1,1,sponge,-13.65853462,0,0,NA,0.806288938606848
Ahtanum_fall_2018,F1,PSi,0,1,1,sponge,-16.21642947,2.08055934,0,NA,0.957286273317592
Ahtanum_fall_2018,H2,PSi,0,1,1,sponge,-19.16786138,5.12722372,0,NA,1.13151483943329
Ahtanum_fall_2018,H4,PSi,0,1,1,glass,-16.72642059,8.357051883,0,1.33409723236806,NA
Ahtanum_fall_2018,H8,PSi,0,1,1,glass,-18.12425514,6.420441962,0,1.02494204559241,NA
Ahtanum_fall_2018,I4,PSi,0,1,1,glass,-20.60552313,9.335491403,0,1.49029267951215,NA
Ahtanum_fall_2018,I8,PSi,0,1,1,sponge,-19.60211676,3.266937491,NA,NA,1.15714974970484
Ahtanum_fall_2018,J7,PSi,0,1,1,sponge,-17.65192514,2.586018749,NA,NA,1.04202627744982
Ahtanum_fall_2018,A1,Si,0,0,1,sponge,-9.469852038,0,0,NA,0.559023142739079
Ahtanum_fall_2018,A7,Si,0,0,1,sponge,-9.459993952,0,0,NA,0.558441201416765
Ahtanum_fall_2018,D8,Si,0,0,1,sponge,-5.838456371,2.933915276,0,NA,0.34465503961039
Ahtanum_fall_2018,E3,Si,0,0,1,glass,-10.96501902,3.38651229,0,0.540613692091568,NA
Ahtanum_fall_2018,E5,Si,0,0,1,sponge,-8.342014106,0.614873364,0,NA,0.492444752420307
Ahtanum_fall_2018,E7,Si,0,0,1,glass,-11.74453273,4.59263531,0,0.733155919351234,NA
Ahtanum_fall_2018,G8,Si,0,0,1,glass,-16.18958049,8.455538083,NA,1.34981930382172,NA
Ahtanum_fall_2018,J1,Si,0,0,1,sponge,-18.38130568,2.556504205,NA,NA,1.08508297992916
Ahtanum_fall_2018,J2,Si,0,0,1,glass,-20.74416584,11.36879507,NA,1.81488379521727,NA
Ahtanum_fall_2018,J3,Si,0,0,1,glass,-20.07468879,9.641902887,NA,1.5392073827464,NA
Reecer_fall_2018,U1,NP,1,1,0,sponge,-6.030489808,0.753796064,0,NA,0.607728490174342
Reecer_fall_2018,U2,control,0,0,0,glass,-0.32630548,1.771157955,0.049548775,0.780727300978577,NA
Reecer_fall_2018,U3,Si,0,0,1,glass,0,2.589764991,0.038673146,1.14156968659085,NA
Reecer_fall_2018,U4,NPSi,1,1,1,sponge,-6.770668996,1.623141644,0,NA,0.682320769525345
Reecer_fall_2018,U5,NPSi,1,1,1,sponge,-8.756652955,3.325582384,0,NA,0.882460239342941
Reecer_fall_2018,U6,P,0,1,0,sponge,-8.320705256,0.94027506,0,NA,0.838527184923914
Reecer_fall_2018,U7,NSi,1,0,1,sponge,-0.381495142,0,0,NA,0.0384455448956969
Reecer_fall_2018,U8,Si,0,0,1,sponge,-10.02196457,2.778894,0,NA,1.00997325103295
Reecer_fall_2018,V1,PSi,0,1,1,glass,-0.781999938,0.181228114,0.026057041,0.0798854421228952,NA
Reecer_fall_2018,V2,Si,0,0,1,sponge,-1.326639204,0.025760667,0,NA,0.133693359266351
Reecer_fall_2018,V3,control,0,0,0,sponge,-7.427544119,3.204437382,0,NA,0.74851800050388
Reecer_fall_2018,V4,PSi,0,1,1,sponge,-7.047798737,2.217810857,0,NA,0.710248789378212
Reecer_fall_2018,V5,NSi,1,0,1,sponge,-4.617428294,1.951768564,0,NA,0.465325838355336
Reecer_fall_2018,V6,NP,1,1,0,glass,0,1.440249993,0.107637128,0.634862907960857,NA
Reecer_fall_2018,V7,NP,1,1,0,glass,0,1.680516062,0.054283616,0.740772309794587,NA
Reecer_fall_2018,V8,Si,0,0,1,sponge,-5.153158774,0,0,NA,0.519314599818603
Reecer_fall_2018,W1,NSi,1,0,1,sponge,-2.292296705,0.446937588,0,NA,0.231008435452988
Reecer_fall_2018,W2,Si,0,0,1,glass,0,0.687892468,0.003283487,0.30322333950454,NA
Reecer_fall_2018,W3,NSi,1,0,1,sponge,-4.007783005,1.2519427,0,NA,0.403888239947597
Reecer_fall_2018,W4,PSi,0,1,1,glass,-0.406017799,1.525388641,0.193196447,0.672392066031914,NA
Reecer_fall_2018,W5,N,1,0,0,glass,-0.423200154,2.423701316,0.054671947,1.06836873666578,NA
Reecer_fall_2018,W6,NP,1,1,0,sponge,-5.191303602,0.298627595,0,NA,0.523158682051799
Reecer_fall_2018,W7,P,0,1,0,sponge,-6.259358774,2.986929729,0,NA,0.630792983371964
Reecer_fall_2018,W8,NP,1,1,0,sponge,-5.725331188,0.191307425,0,NA,0.576975832711881
Reecer_fall_2018,X1,N,1,0,0,sponge,-8.776917394,1.181027974,0,NA,0.884502407941147
Reecer_fall_2018,X2,NP,1,1,0,glass,-0.423200154,0.393125553,0.00610708,0.17328993784713,NA
Reecer_fall_2018,X3,NPSi,1,1,1,glass,-0.402254557,0.070775747,0.145798914,0.0311979842193423,NA
Reecer_fall_2018,X4,PSi,0,1,1,sponge,-3.741800154,1.032577033,0,NA,0.377083558802781
Reecer_fall_2018,X5,NSi,1,0,1,sponge,-4.807300985,0,0,NA,0.48446044391817
Reecer_fall_2018,X6,control,0,0,0,sponge,-9.218847559,3.266890444,0,NA,0.929038351204273
Reecer_fall_2018,X7,NPSi,1,1,1,sponge,-9.755280675,2.479386354,0,NA,0.983097921495515
Reecer_fall_2018,X8,NSi,1,0,1,sponge,-6.297503601,1.160691546,0,NA,0.634637065504384
Reecer_fall_2018,Y1,N,1,0,0,glass,-0.346910499,2.331649044,0.207939019,1.0277920497223,NA
Reecer_fall_2018,Y2,NPSi,1,1,1,glass,-0.461344982,1.749509722,0.262382668,0.771184749184519,NA
Reecer_fall_2018,Y3,control,0,0,0,sponge,-12.74397946,6.609661499,0,NA,1.2842869555578
Reecer_fall_2018,Y4,N,1,0,0,sponge,-9.295480861,3.292534273,0,NA,0.936761146931372
Reecer_fall_2018,Y5,control,0,0,0,sponge,-10.26456567,2.586634047,0,NA,1.03442161342336
Reecer_fall_2018,Y6,NSi,1,0,1,glass,-0.137801241,0.571167812,0.022140972,0.25177105351318,NA
Reecer_fall_2018,Y7,NSi,1,0,1,glass,0,0.787078863,NA,0.346944751388521,NA
Reecer_fall_2018,Y8,PSi,0,1,1,glass,-0.927540363,0.512658942,0.020791168,0.225980314731552,NA
Reecer_fall_2018,Z1,P,0,1,0,glass,-0.137801241,0.277218574,0.054480121,0.122198084281054,NA
Reecer_fall_2018,Z2,P,0,1,0,sponge,-10.4240804,1.992267625,0,NA,1.05049686586718
Reecer_fall_2018,Z3,Si,0,0,1,glass,-0.465660007,1.252190894,0.130766263,0.551966364277528,NA
Reecer_fall_2018,Z4,N,1,0,0,glass,-0.865817613,2.234528491,0.082178003,0.984981262011813,NA
Reecer_fall_2018,Z5,control,0,0,0,sponge,-9.959407049,1.560798932,0,NA,1.00366895586012
Reecer_fall_2018,Z6,P,0,1,0,glass,-0.635917706,1.519478591,0.057813692,0.669786913074143,NA
Reecer_fall_2018,Z7,NPSi,1,1,1,sponge,-10.25339714,2.240344574,0,NA,1.03329609392321
Reecer_fall_2018,Z8,PSi,0,1,1,glass,-1.453804041,2.039033886,0.289491034,0.898807143612801,NA
Reecer_fall_2018,AA1,Si,0,0,1,glass,-0.003955405,1.315073509,0.095811724,0.579685052014458,NA
Reecer_fall_2018,AA2,NSi,1,0,1,glass,-0.275846162,1.897913149,NA,0.836601053072379,NA
Reecer_fall_2018,AA3,N,1,0,0,glass,-0.508895383,1.500866329,0.059483986,0.661582618795733,NA
Reecer_fall_2018,AA4,NP,1,1,0,sponge,-7.461530463,0.634846571,0,NA,0.751943007457422
Reecer_fall_2018,AA5,NPSi,1,1,1,glass,-2.645179905,2.567033866,0.588312345,1.13154979546857,NA
Reecer_fall_2018,AA6,N,1,0,0,glass,-1.260479119,3.630639837,0.547652136,1.60038783258397,NA
Reecer_fall_2018,AA7,NPSi,1,1,1,glass,-2.188438743,1.796407223,53.87815972,0.791857190778454,NA
Reecer_fall_2018,AA8,NPSi,1,1,1,sponge,-12.62745485,2.82439804,0,NA,1.27254407437267
Reecer_fall_2018,BB1,PSi,0,1,1,sponge,-13.36544405,4.3468507,0,NA,1.34691565554772
Reecer_fall_2018,BB2,control,0,0,0,glass,-2.295606074,2.063736633,0.489456172,0.909696126686062,NA
Reecer_fall_2018,BB3,NSi,1,0,1,glass,-0.487179433,0.940799091,0.057104869,0.414704703782068,NA
Reecer_fall_2018,BB4,P,0,1,0,sponge,-12.12533971,3.729918271,0,NA,1.22194293157311
Reecer_fall_2018,BB5,NPSi,1,1,1,glass,-3.193728335,1.318072409,0.727671992,0.581006968615005,NA
Reecer_fall_2018,BB6,Si,0,0,1,glass,-0.91249426,1.241024667,0.430895271,0.5470442859032,NA
Reecer_fall_2018,BB7,Si,0,0,1,glass,-1.130359971,1.365642853,0.38162626,0.601976043815569,NA
Reecer_fall_2018,BB8,P,0,1,0,glass,-0.989824229,0.573277565,0.138689635,0.252701033677158,NA
Reecer_fall_2018,CC1,P,0,1,0,glass,-1.995113821,0.119457895,0.234340902,0.052657099091951,NA
Reecer_fall_2018,CC2,PSi,0,1,1,sponge,-8.60682614,0,0,NA,0.867361295979039
Reecer_fall_2018,CC3,PSi,0,1,1,glass,-2.613753571,0,0.878864061,0,NA
Reecer_fall_2018,CC4,N,1,0,0,sponge,-15.48919335,4.730555549,0,NA,1.56093856192684
Reecer_fall_2018,CC5,N,1,0,0,sponge,-10.03743056,1.459107038,0,NA,1.01153185125466
Reecer_fall_2018,CC6,control,0,0,0,glass,-2.845743477,2.223943267,1.017444705,0.980315290046725,NA
Reecer_fall_2018,CC7,NP,1,1,0,sponge,-8.568161156,2.644319912,0,NA,0.863464794517787
Reecer_fall_2018,CC8,P,0,1,0,glass,-1.8017889,0.908553143,0.42544225,0.400490673983955,NA
Reecer_fall_2018,DD1,Si,0,0,1,sponge,-8.800151062,2.746298066,0,NA,0.886843803486849
Reecer_fall_2018,DD2,NSi,1,0,1,glass,-1.581870867,1.298405472,0.134560686,0.572337773075906,NA
Reecer_fall_2018,DD3,N,1,0,0,sponge,-2.043751223,2.521518792,0,NA,0.205961022170715
Reecer_fall_2018,DD4,NP,1,1,0,glass,-2.467141549,3.218325793,0.634458327,1.41863959843075,NA
Reecer_fall_2018,DD5,NP,1,1,0,glass,-10.5885378,3.43690983,0.916338079,1.51499154985454,NA
Reecer_fall_2018,DD6,control,0,0,0,glass,-2.236201371,3.015711107,0.725683546,1.32932694481178,NA
Reecer_fall_2018,DD7,PSi,0,1,1,sponge,-9.125916676,1.608239497,0,NA,0.919673150861634
Reecer_fall_2018,DD8,P,0,1,0,sponge,-10.74249792,2.018253855,0,NA,1.08258570190467
Reecer_fall_2018,,,NA,NA,NA,,NA,NA,NA,NA,NA
Reecer_fall_2018,,,NA,NA,NA,,NA,NA,NA,NA,NA
Reecer_fall_2018,,,NA,NA,NA,,NA,NA,NA,NA,NA
Reecer_fall_2018,,,NA,NA,NA,,NA,NA,NA,NA,NA
Reecer_fall_2018,,,NA,NA,NA,,NA,NA,NA,NA,NA
Reecer_fall_2018,,,NA,NA,NA,,NA,NA,NA,NA,NA
Reecer_fall_2018,,,NA,NA,NA,,NA,NA,NA,NA,NA
Reecer_fall_2018,,,NA,NA,NA,,NA,NA,NA,NA,NA
Reecer_fall_2018,,,NA,NA,NA,,NA,NA,NA,NA,NA
Reecer_fall_2018,,,NA,NA,NA,,NA,NA,NA,NA,NA
Reecer_fall_2018,,,NA,NA,NA,,NA,NA,NA,NA,NA
Reecer_fall_2018,,,NA,NA,NA,,NA,NA,NA,NA,NA
Reecer_fall_2018,,,NA,NA,NA,,NA,NA,NA,NA,NA
Reecer_fall_2018,,,NA,NA,NA,,NA,NA,NA,NA,NA
Reecer_fall_2018,,,NA,NA,NA,,NA,NA,NA,NA,NA
Reecer_fall_2018,,,NA,NA,NA,,NA,NA,NA,NA,NA
Reecer_fall_2018,,,NA,NA,NA,,NA,NA,NA,NA,NA
Reecer_fall_2018,,,NA,NA,NA,,NA,NA,NA,NA,NA
Reecer_fall_2018,,,NA,NA,NA,,NA,NA,NA,NA,NA
Reecer_fall_2018,,,NA,NA,NA,,NA,NA,NA,NA,NA
Reecer_fall_2018,,,NA,NA,NA,,NA,NA,NA,NA,NA
Reecer_fall_2018,,,NA,NA,NA,,NA,NA,NA,NA,NA
Reecer_fall_2018,,,NA,NA,NA,,NA,NA,NA,NA,NA
Reecer_fall_2018,,,NA,NA,NA,,NA,NA,NA,NA,NA
Reecer_fall_2018,,,NA,NA,NA,,NA,NA,NA,NA,NA
Reecer_fall_2018,,,NA,NA,NA,,NA,NA,NA,NA,NA
Reecer_fall_2018,,,NA,NA,NA,,NA,NA,NA,NA,NA
Reecer_fall_2018,,,NA,NA,NA,,NA,NA,NA,NA,NA
Reecer_fall_2018,,,NA,NA,NA,,NA,NA,NA,NA,NA
Reecer_fall_2018,,,NA,NA,NA,,NA,NA,NA,NA,NA
Reecer_fall_2018,,,NA,NA,NA,,NA,NA,NA,NA,NA
Reecer_fall_2018,,,NA,NA,NA,,NA,NA,NA,NA,NA
Reecer_fall_2018,,,NA,NA,NA,,NA,NA,NA,NA,NA
Reecer_fall_2018,,,NA,NA,NA,,NA,NA,NA,NA,NA
Reecer_fall_2018,,,NA,NA,NA,,NA,NA,NA,NA,NA
Reecer_fall_2018,,,NA,NA,NA,,NA,NA,NA,NA,NA
Reecer_fall_2018,,,NA,NA,NA,,NA,NA,NA,NA,NA
Reecer_fall_2018,,,NA,NA,NA,,NA,NA,NA,NA,NA
Reecer_fall_2018,,,NA,NA,NA,,NA,NA,NA,NA,NA
Reecer_fall_2018,,,NA,NA,NA,,NA,NA,NA,NA,NA
Reecer_fall_2018,,,NA,NA,NA,,NA,NA,NA,NA,NA
Reecer_fall_2018,,,NA,NA,NA,,NA,NA,NA,NA,NA
Reecer_fall_2018,,,NA,NA,NA,,NA,NA,NA,NA,NA
Reecer_fall_2018,,,NA,NA,NA,,NA,NA,NA,NA,NA
Reecer_fall_2018,,,NA,NA,NA,,NA,NA,NA,NA,NA
Reecer_fall_2018,,,NA,NA,NA,,NA,NA,NA,NA,NA
Reecer_fall_2018,,,NA,NA,NA,,NA,NA,NA,NA,NA
Reecer_fall_2018,,,NA,NA,NA,,NA,NA,NA,NA,NA
Reecer_fall_2018,,,NA,NA,NA,,NA,NA,NA,NA,NA
Reecer_fall_2018,,,NA,NA,NA,,NA,NA,NA,NA,NA
Reecer_fall_2018,,,NA,NA,NA,,NA,NA,NA,NA,NA
Reecer_fall_2018,,,NA,NA,NA,,NA,NA,NA,NA,NA
Reecer_fall_2018,,,NA,NA,NA,,NA,NA,NA,NA,NA
Reecer_fall_2018,,,NA,NA,NA,,NA,NA,NA,NA,NA
Reecer_fall_2018,,,NA,NA,NA,,NA,NA,NA,NA,NA
Reecer_fall_2018,,,NA,NA,NA,,NA,NA,NA,NA,NA
Reecer_fall_2018,,,NA,NA,NA,,NA,NA,NA,NA,NA
Reecer_fall_2018,,,NA,NA,NA,,NA,NA,NA,NA,NA
Reecer_fall_2018,,,NA,NA,NA,,NA,NA,NA,NA,NA
Reecer_fall_2018,,,NA,NA,NA,,NA,NA,NA,NA,NA
Reecer_fall_2018,,,NA,NA,NA,,NA,NA,NA,NA,NA
Reecer_fall_2018,,,NA,NA,NA,,NA,NA,NA,NA,NA
Reecer_fall_2018,,,NA,NA,NA,,NA,NA,NA,NA,NA
Reecer_fall_2018,,,NA,NA,NA,,NA,NA,NA,NA,NA
Reecer_fall_2018,,,NA,NA,NA,,NA,NA,NA,NA,NA
Reecer_fall_2018,,,NA,NA,NA,,NA,NA,NA,NA,NA
Reecer_fall_2018,,,NA,NA,NA,,NA,NA,NA,NA,NA
Reecer_fall_2018,,,NA,NA,NA,,NA,NA,NA,NA,NA
Reecer_fall_2018,,,NA,NA,NA,,NA,NA,NA,NA,NA
Reecer_fall_2018,,,NA,NA,NA,,NA,NA,NA,NA,NA
Reecer_fall_2018,,,NA,NA,NA,,NA,NA,NA,NA,NA
Reecer_fall_2018,,,NA,NA,NA,,NA,NA,NA,NA,NA
Reecer_fall_2018,,,NA,NA,NA,,NA,NA,NA,NA,NA
Reecer_fall_2018,,,NA,NA,NA,,NA,NA,NA,NA,NA
Reecer_fall_2018,,,NA,NA,NA,,NA,NA,NA,NA,NA
Reecer_fall_2018,,,NA,NA,NA,,NA,NA,NA,NA,NA
Reecer_fall_2018,,,NA,NA,NA,,NA,NA,NA,NA,NA
Reecer_fall_2018,,,NA,NA,NA,,NA,NA,NA,NA,NA
Reecer_fall_2018,,,NA,NA,NA,,NA,NA,NA,NA,NA
Reecer_fall_2018,,,NA,NA,NA,,NA,NA,NA,NA,NA
Reecer_fall_2018,,,NA,NA,NA,,NA,NA,NA,NA,NA
Wenas_fall_2018,A1,PSi,0,1,1,sponge,-3.73968056,0.633504919,0.000418548,NA,0.935481428857314
Wenas_fall_2018,A2,Si,0,0,1,glass,-0.04753479,0.232636419,0.000793405,0.122466002842704,NA
Wenas_fall_2018,A3,control,0,0,0,glass,-7.407330501,0,0,0,NA
Wenas_fall_2018,A4,NPSi,1,1,1,sponge,-0.713244955,2.433801303,0.001405512,NA,0.178418289723834
Wenas_fall_2018,A5,N,1,0,0,glass,0,2.900915521,0,1.52711914139819,NA
Wenas_fall_2018,A6,NSi,1,0,1,glass,-5.691341673,1.833998644,0,0.9654657001474,NA
Wenas_fall_2018,A7,N,1,0,0,glass,0,2.92965717,0.000312856,1.54224951042325,NA
Wenas_fall_2018,A8,N,1,0,0,sponge,-0.04753479,2.352263032,0.001261974,NA,0.0118908319991995
Wenas_fall_2018,B1,NSi,1,0,1,sponge,0,2.538071164,0,NA,0
Wenas_fall_2018,B2,P,0,1,0,sponge,0,2.230205202,0.000578019,NA,0
Wenas_fall_2018,B3,N,1,0,0,glass,-5.040361026,2.195331357,0,1.15568085754896,NA
Wenas_fall_2018,B4,NP,1,1,0,sponge,-2.673391551,1.172411122,0.000809306,NA,0.668749137232339
Wenas_fall_2018,B5,NSi,1,0,1,sponge,-8.294944054,0.208688275,0.000737301,NA,2.07498100210126
Wenas_fall_2018,B6,Si,0,0,1,glass,-6.593684744,0.554398723,0,0.291850243735523,NA
Wenas_fall_2018,B7,NSi,1,0,1,glass,-0.536010431,3.730832429,0.001282102,1.96400949094546,NA
Wenas_fall_2018,B8,control,0,0,0,glass,0,3.960548838,0.000970157,2.0849383228048,NA
Wenas_fall_2018,C1,control,0,0,0,sponge,-7.495707608,3.074640706,0,NA,1.8750519331599
Wenas_fall_2018,C2,Si,0,0,1,sponge,-6.94335069,0,0,NA,1.73687980038023
Wenas_fall_2018,C3,control,0,0,0,glass,-1.415939018,3.403647389,0.00090098,1.79177057749,NA
Wenas_fall_2018,C4,N,1,0,0,glass,-8.379478679,0,0,0,NA
Wenas_fall_2018,C5,NSi,1,0,1,sponge,-3.671956799,0.197727384,0,NA,0.918540323944367
Wenas_fall_2018,C6,PSi,0,1,1,sponge,-3.297795025,0,0,NA,0.82494372248349
Wenas_fall_2018,C7,Si,0,0,1,sponge,-4.365685068,0.199513316,0,NA,1.09207651290774
Wenas_fall_2018,C8,P,0,1,0,glass,-0.683305609,1.370352736,0.000521585,0.721390153716572,NA
Wenas_fall_2018,D1,N,1,0,0,sponge,-0.278243868,3.712115924,0.001237474,NA,0.0696027286371823
Wenas_fall_2018,D2,NSi,1,0,1,sponge,0,0.315119018,0,NA,0
Wenas_fall_2018,D3,PSi,0,1,1,sponge,-4.476156452,0.820077833,0,NA,1.11971093956374
Wenas_fall_2018,D4,PSi,0,1,1,glass,-5.640074063,1.194751434,0,0.62894895451674,NA
Wenas_fall_2018,D5,PSi,0,1,1,sponge,-1.01471976,0,0.000680419,NA,0.253832239343606
Wenas_fall_2018,D6,NPSi,1,1,1,sponge,-2.673391551,2.707128836,0.001303991,NA,0.668749137232339
Wenas_fall_2018,D7,PSi,0,1,1,glass,-2.969262736,0,0,0,NA
Wenas_fall_2018,D8,NPSi,1,1,1,sponge,-5.780038987,0,0,NA,1.44587727311387
Wenas_fall_2018,E1,NPSi,1,1,1,glass,-9.658341728,0.591689154,0,0.311480919140872,NA
Wenas_fall_2018,E2,NP,1,1,0,sponge,-5.98593203,1.262620122,0,NA,1.49738143636182
Wenas_fall_2018,E3,control,0,0,0,sponge,-1.009116139,2.665526644,0.000488607,NA,0.252430493045828
Wenas_fall_2018,E4,PSi,0,1,1,glass,-1.452922916,0,0,0,NA
Wenas_fall_2018,E5,P,0,1,0,glass,-4.439332657,1.283369054,0,0.675599628342809,NA
Wenas_fall_2018,E6,NP,1,1,0,glass,-5.077344924,0,0,0,NA
Wenas_fall_2018,E7,NP,1,1,0,glass,-0.787212751,0.875615291,0.000307268,0.460947194672563,NA
Wenas_fall_2018,E8,PSi,0,1,1,glass,-0.793776993,0,0.000560928,0,NA
Wenas_fall_2018,F1,NP,1,1,0,sponge,-1.37895512,1.969576704,0.00049435,NA,0.344945747448469
Wenas_fall_2018,F2,control,0,0,0,sponge,-2.303552571,3.889423056,0.000976976,NA,0.576233883079848
Wenas_fall_2018,F3,Si,0,0,1,sponge,-5.460911553,0,0,NA,1.36604751676006
Wenas_fall_2018,F4,NPSi,1,1,1,sponge,-7.81415338,0,0,NA,1.95471117170302
Wenas_fall_2018,F5,NPSi,1,1,1,sponge,-2.117825572,4.055598194,0.001411213,NA,0.529774257554533
Wenas_fall_2018,F6,Si,0,0,1,glass,-6.315255748,2.263086568,0,1.19134900400084,NA
Wenas_fall_2018,F7,P,0,1,0,sponge,-4.940875956,2.028306313,0,NA,1.2359605653392
Wenas_fall_2018,F8,NP,1,1,0,sponge,-6.630668642,2.415699528,0,NA,1.65866235791475
Wenas_fall_2018,G1,P,0,1,0,sponge,-3.380769165,0.346099572,0,NA,0.845699711076646
Wenas_fall_2018,G2,NSi,1,0,1,sponge,0,3.291074495,0.000361545,NA,0
Wenas_fall_2018,G3,NP,1,1,0,sponge,-0.317500953,0.100921256,0.000712665,NA,0.0794228919851911
Wenas_fall_2018,G4,NP,1,1,0,glass,-5.376311677,1.528788893,0,0.804795163718678,NA
Wenas_fall_2018,G5,NPSi,1,1,1,sponge,-4.355510072,2.118103708,0.001079533,NA,1.08953123674205
Wenas_fall_2018,G6,N,1,0,0,sponge,-0.885836479,4.714319917,0.001564384,NA,0.221592074994997
Wenas_fall_2018,G7,NP,1,1,0,glass,-4.964112285,0.444555853,0,0.234026033375447,NA
Wenas_fall_2018,G8,control,0,0,0,glass,-8.062240059,1.393455811,0,0.733552227311013,NA
Wenas_fall_2018,H1,Si,0,0,1,sponge,0,0.641360919,0.000957635,NA,0
Wenas_fall_2018,H2,PSi,0,1,1,glass,-1.585243084,1.973088999,0.001191998,1.03868656506633,NA
Wenas_fall_2018,H3,N,1,0,0,glass,-0.148624111,2.624732284,0.001006992,1.38172893451253,NA
Wenas_fall_2018,H4,PSi,0,1,1,sponge,-2.001106471,0.533386243,0.000695478,NA,0.500576963928357
Wenas_fall_2018,H5,NSi,1,0,1,sponge,-0.685097918,1.68948732,0.000489037,NA,0.17137730588353
Wenas_fall_2018,H6,control,0,0,0,glass,-8.201251513,2.639897743,0,1.38971243577595,NA
Wenas_fall_2018,H7,P,0,1,0,glass,-5.835184621,1.310352966,0,0.689804677826911,NA
Wenas_fall_2018,H8,control,0,0,0,sponge,-7.147945674,3.908509942,0,NA,1.78805925405243
Wenas_fall_2018,I1,NSi,1,0,1,glass,0,2.987128324,0.000167873,1.57250385554854,NA
Wenas_fall_2018,I2,NPSi,1,1,1,glass,-6.690207743,0,0,0,NA
Wenas_fall_2018,I3,NP,1,1,0,sponge,-0.885836479,1.462801666,0.000481785,NA,0.221592074994997
Wenas_fall_2018,I4,NPSi,1,1,1,glass,-1.767119455,3.569882835,0.001070611,1.87928134080859,NA
Wenas_fall_2018,I5,Si,0,0,1,glass,0,0.686877132,0.000513778,0.361590404295641,NA
Wenas_fall_2018,I6,P,0,1,0,glass,-0.718288214,2.063778914,0.000565045,1.08642815013687,NA
Wenas_fall_2018,I7,NPSi,1,1,1,glass,-8.461957314,0,0,0,NA
Wenas_fall_2018,I8,P,0,1,0,glass,-5.590076238,1.693401867,0.000950446,0.891451814592546,NA
Wenas_fall_2018,J1,control,0,0,0,glass,-1.418281889,0,0.00041354,0,NA
Wenas_fall_2018,J2,N,1,0,0,sponge,-10.80984912,1.574580341,0,NA,2.7040847308385
Wenas_fall_2018,J3,NSi,1,0,1,glass,-0.06098348,0,0,0,NA
Wenas_fall_2018,J4,N,1,0,0,sponge,-8.257960156,0.611999607,0,NA,2.06572947668601
Wenas_fall_2018,J5,P,0,1,0,glass,-1.143603041,0.245253257,9.52526e-05,0.1291078421773,NA
Wenas_fall_2018,J6,P,0,1,0,glass,-2.806197367,0.519689236,0,0.273578245946515,NA
Wenas_fall_2018,J7,Si,0,0,1,glass,-1.177148005,1.037626611,0.000198121,0.546234265634871,NA
Wenas_fall_2018,J8,control,0,0,0,sponge,-2.031661814,1.678593226,0.000209053,NA,0.508220385731439
Wenas_fall_2018,,,NA,NA,NA,,NA,NA,NA,NA,NA
Wenas_fall_2018,,,NA,NA,NA,,NA,NA,NA,NA,NA
Wenas_fall_2018,,,NA,NA,NA,,NA,NA,NA,NA,NA
Wenas_fall_2018,,,NA,NA,NA,,NA,NA,NA,NA,NA
Wenas_fall_2018,,,NA,NA,NA,,NA,NA,NA,NA,NA
Wenas_fall_2018,,,NA,NA,NA,,NA,NA,NA,NA,NA
Wenas_fall_2018,,,NA,NA,NA,,NA,NA,NA,NA,NA
Wenas_fall_2018,,,NA,NA,NA,,NA,NA,NA,NA,NA
Wenas_fall_2018,,,NA,NA,NA,,NA,NA,NA,NA,NA
Wenas_fall_2018,,,NA,NA,NA,,NA,NA,NA,NA,NA
Wenas_fall_2018,,,NA,NA,NA,,NA,NA,NA,NA,NA
Wenas_fall_2018,,,NA,NA,NA,,NA,NA,NA,NA,NA
Wenas_fall_2018,,,NA,NA,NA,,NA,NA,NA,NA,NA
Wenas_fall_2018,,,NA,NA,NA,,NA,NA,NA,NA,NA
Wenas_fall_2018,,,NA,NA,NA,,NA,NA,NA,NA,NA
Wenas_fall_2018,,,NA,NA,NA,,NA,NA,NA,NA,NA
Wenas_fall_2018,,,NA,NA,NA,,NA,NA,NA,NA,NA
Wenas_fall_2018,,,NA,NA,NA,,NA,NA,NA,NA,NA
Wenas_fall_2018,,,NA,NA,NA,,NA,NA,NA,NA,NA
Wenas_fall_2018,,,NA,NA,NA,,NA,NA,NA,NA,NA
Wenas_fall_2018,,,NA,NA,NA,,NA,NA,NA,NA,NA
Wenas_fall_2018,,,NA,NA,NA,,NA,NA,NA,NA,NA
Wenas_fall_2018,,,NA,NA,NA,,NA,NA,NA,NA,NA
Wenas_fall_2018,,,NA,NA,NA,,NA,NA,NA,NA,NA
Wenas_fall_2018,,,NA,NA,NA,,NA,NA,NA,NA,NA
Wenas_fall_2018,,,NA,NA,NA,,NA,NA,NA,NA,NA
Wenas_fall_2018,,,NA,NA,NA,,NA,NA,NA,NA,NA
Wenas_fall_2018,,,NA,NA,NA,,NA,NA,NA,NA,NA
Wenas_fall_2018,,,NA,NA,NA,,NA,NA,NA,NA,NA
Wenas_fall_2018,,,NA,NA,NA,,NA,NA,NA,NA,NA
Wenas_fall_2018,,,NA,NA,NA,,NA,NA,NA,NA,NA
Wenas_fall_2018,,,NA,NA,NA,,NA,NA,NA,NA,NA
Wenas_fall_2018,,,NA,NA,NA,,NA,NA,NA,NA,NA
Wenas_fall_2018,,,NA,NA,NA,,NA,NA,NA,NA,NA
Wenas_fall_2018,,,NA,NA,NA,,NA,NA,NA,NA,NA
Wenas_fall_2018,,,NA,NA,NA,,NA,NA,NA,NA,NA
Wenas_fall_2018,,,NA,NA,NA,,NA,NA,NA,NA,NA
Wenas_fall_2018,,,NA,NA,NA,,NA,NA,NA,NA,NA
Wenas_fall_2018,,,NA,NA,NA,,NA,NA,NA,NA,NA
Wenas_fall_2018,,,NA,NA,NA,,NA,NA,NA,NA,NA
Wenas_fall_2018,,,NA,NA,NA,,NA,NA,NA,NA,NA
Wenas_fall_2018,,,NA,NA,NA,,NA,NA,NA,NA,NA
Wenas_fall_2018,,,NA,NA,NA,,NA,NA,NA,NA,NA
Wenas_fall_2018,,,NA,NA,NA,,NA,NA,NA,NA,NA
Wenas_fall_2018,,,NA,NA,NA,,NA,NA,NA,NA,NA
Wenas_fall_2018,,,NA,NA,NA,,NA,NA,NA,NA,NA
Wenas_fall_2018,,,NA,NA,NA,,NA,NA,NA,NA,NA
Wenas_fall_2018,,,NA,NA,NA,,NA,NA,NA,NA,NA
Wenas_fall_2018,,,NA,NA,NA,,NA,NA,NA,NA,NA
Wenas_fall_2018,,,NA,NA,NA,,NA,NA,NA,NA,NA
Wenas_fall_2018,,,NA,NA,NA,,NA,NA,NA,NA,NA
Wenas_fall_2018,,,NA,NA,NA,,NA,NA,NA,NA,NA
Wenas_fall_2018,,,NA,NA,NA,,NA,NA,NA,NA,NA
Wenas_fall_2018,,,NA,NA,NA,,NA,NA,NA,NA,NA
Wenas_fall_2018,,,NA,NA,NA,,NA,NA,NA,NA,NA
Wenas_fall_2018,,,NA,NA,NA,,NA,NA,NA,NA,NA
Wenas_fall_2018,,,NA,NA,NA,,NA,NA,NA,NA,NA
Wenas_fall_2018,,,NA,NA,NA,,NA,NA,NA,NA,NA
Wenas_fall_2018,,,NA,NA,NA,,NA,NA,NA,NA,NA
Wenas_fall_2018,,,NA,NA,NA,,NA,NA,NA,NA,NA
Wenas_fall_2018,,,NA,NA,NA,,NA,NA,NA,NA,NA
Wenas_fall_2018,,,NA,NA,NA,,NA,NA,NA,NA,NA
Wenas_fall_2018,,,NA,NA,NA,,NA,NA,NA,NA,NA
Wenas_fall_2018,,,NA,NA,NA,,NA,NA,NA,NA,NA
Wenas_fall_2018,,,NA,NA,NA,,NA,NA,NA,NA,NA
Wenas_fall_2018,,,NA,NA,NA,,NA,NA,NA,NA,NA
Wenas_fall_2018,,,NA,NA,NA,,NA,NA,NA,NA,NA
Wenas_fall_2018,,,NA,NA,NA,,NA,NA,NA,NA,NA
Wenas_fall_2018,,,NA,NA,NA,,NA,NA,NA,NA,NA
Wenas_fall_2018,,,NA,NA,NA,,NA,NA,NA,NA,NA
Wenas_fall_2018,,,NA,NA,NA,,NA,NA,NA,NA,NA
Wenas_fall_2018,,,NA,NA,NA,,NA,NA,NA,NA,NA
Wenas_fall_2018,,,NA,NA,NA,,NA,NA,NA,NA,NA
Wenas_fall_2018,,,NA,NA,NA,,NA,NA,NA,NA,NA
Wenas_fall_2018,,,NA,NA,NA,,NA,NA,NA,NA,NA
Wenas_fall_2018,,,NA,NA,NA,,NA,NA,NA,NA,NA
Wenas_fall_2018,,,NA,NA,NA,,NA,NA,NA,NA,NA
Wenas_fall_2018,,,NA,NA,NA,,NA,NA,NA,NA,NA
Wenas_fall_2018,,,NA,NA,NA,,NA,NA,NA,NA,NA
Wenas_fall_2018,,,NA,NA,NA,,NA,NA,NA,NA,NA
Wenas_fall_2018,,,NA,NA,NA,,NA,NA,NA,NA,NA
