nds.id,nutrient,N,P,Si,top,cr.area,gpp.area,chla_mgL,chla_ug_cm2,Notes,site.date,site,season,year
A6,C,0,0,0,cellulose,-18.99983955,0,NA,NA,,Ahtanum_summer_2018,Ahtanum,summer,2018
B5,C,0,0,0,glass,-29.21608707,19.77985486,1.116092903,2.876914307,,Ahtanum_summer_2018,Ahtanum,summer,2018
B7,C,0,0,0,cellulose,-29.21608707,13.20109349,NA,NA,,Ahtanum_summer_2018,Ahtanum,summer,2018
C4,C,0,0,0,cellulose,-15.46875786,0,NA,NA,,Ahtanum_summer_2018,Ahtanum,summer,2018
D7,C,0,0,0,glass,-15.79730793,1.915315636,1.029703117,2.654230325,,Ahtanum_summer_2018,Ahtanum,summer,2018
F5,C,0,0,0,glass,-13.32619444,3.32830169,1.191782743,3.072017406,,Ahtanum_summer_2018,Ahtanum,summer,2018
F6,C,0,0,0,glass,-12.0470521,3.454091474,1.600813731,4.12636252,,Ahtanum_summer_2018,Ahtanum,summer,2018
G1,C,0,0,0,glass,-14.66929389,3.295749157,0.852786893,2.198199457,,Ahtanum_summer_2018,Ahtanum,summer,2018
G4,C,0,0,0,cellulose,-19.08669567,0,NA,NA,,Ahtanum_summer_2018,Ahtanum,summer,2018
J6,C,0,0,0,cellulose,-19.40890388,3.445056534,NA,NA,,Ahtanum_summer_2018,Ahtanum,summer,2018
U2,C,0,0,0,glass,-0.32630548,1.771157955,0.049548775,NA,NA,Reecer_fall_2018,Reecer,fall,2018
V3,C,0,0,0,sponge,-7.427544119,3.204437382,0,NA,NA,Reecer_fall_2018,Reecer,fall,2018
X6,C,0,0,0,sponge,-9.218847559,3.266890444,0,NA,NA,Reecer_fall_2018,Reecer,fall,2018
Y3,C,0,0,0,sponge,-12.74397946,6.609661499,0,NA,NA,Reecer_fall_2018,Reecer,fall,2018
Y5,C,0,0,0,sponge,-10.26456567,2.586634047,0,NA,NA,Reecer_fall_2018,Reecer,fall,2018
Z5,C,0,0,0,sponge,-9.959407049,1.560798932,0,NA,NA,Reecer_fall_2018,Reecer,fall,2018
BB2,C,0,0,0,glass,-2.295606074,2.063736633,0.489456172,NA,NA,Reecer_fall_2018,Reecer,fall,2018
CC6,C,0,0,0,glass,-2.845743477,2.223943267,1.017444705,NA,NA,Reecer_fall_2018,Reecer,fall,2018
DD6,C,0,0,0,glass,-2.236201371,3.015711107,0.725683546,NA,NA,Reecer_fall_2018,Reecer,fall,2018
V1,C,0,0,0,glass,-2.485693172,3.211493819,7.10E-05,NA,NA,Reecer_summer_2018,Reecer,summer,2018
V6,C,0,0,0,glass,-4.970678681,7.260782223,5.13E-05,NA,NA,Reecer_summer_2018,Reecer,summer,2018
V8,C,0,0,0,glass,-2.106357596,6.930735517,2.12E-05,NA,NA,Reecer_summer_2018,Reecer,summer,2018
W2,C,0,0,0,sponge,-15.85099496,2.7864312,0,NA,NA,Reecer_summer_2018,Reecer,summer,2018
W6,C,0,0,0,sponge,-17.42373299,1.906147303,0,NA,NA,Reecer_summer_2018,Reecer,summer,2018
X3,C,0,0,0,sponge,-12.90324396,2.261797775,0,NA,NA,Reecer_summer_2018,Reecer,summer,2018
X7,C,0,0,0,glass,-5.511265235,5.678972129,6.67E-05,NA,NA,Reecer_summer_2018,Reecer,summer,2018
Y4,C,0,0,0,sponge,-12.83749752,0.740688927,0,NA,NA,Reecer_summer_2018,Reecer,summer,2018
AA2,C,0,0,0,sponge,-12.93612544,4.994029995,0,NA,NA,Reecer_summer_2018,Reecer,summer,2018
CC5,C,0,0,0,sponge,-18.18282354,6.386742597,0,NA,NA,Reecer_summer_2018,Reecer,summer,2018
A3,C,0,0,0,glass,-7.407330501,0,0,NA,NA,Wenas_fall_2018,Wenas,fall,2018
B8,C,0,0,0,glass,0,3.960548838,0.000970157,NA,NA,Wenas_fall_2018,Wenas,fall,2018
C1,C,0,0,0,sponge,-7.495707608,3.074640706,0,NA,NA,Wenas_fall_2018,Wenas,fall,2018
C3,C,0,0,0,glass,-1.415939018,3.403647389,0.00090098,NA,NA,Wenas_fall_2018,Wenas,fall,2018
E3,C,0,0,0,sponge,-1.009116139,2.665526644,0.000488607,NA,NA,Wenas_fall_2018,Wenas,fall,2018
F2,C,0,0,0,sponge,-2.303552571,3.889423056,0.000976976,NA,NA,Wenas_fall_2018,Wenas,fall,2018
G8,C,0,0,0,glass,-8.062240059,1.393455811,0,NA,NA,Wenas_fall_2018,Wenas,fall,2018
H6,C,0,0,0,glass,-8.201251513,2.639897743,0,NA,NA,Wenas_fall_2018,Wenas,fall,2018
H8,C,0,0,0,sponge,-7.147945674,3.908509942,0,NA,NA,Wenas_fall_2018,Wenas,fall,2018
J1,C,0,0,0,glass,-1.418281889,0,0.00041354,NA,NA,Wenas_fall_2018,Wenas,fall,2018
J8,C,0,0,0,sponge,-2.031661814,1.678593226,0.000209053,NA,NA,Wenas_fall_2018,Wenas,fall,2018
A7,C,0,0,0,sponge,-6.17474103,1.91283168,0,NA,NA,Wenas_summer_2018,Wenas,summer,2018
B2,C,0,0,0,sponge,-2.072719851,0.917718403,0,NA,NA,Wenas_summer_2018,Wenas,summer,2018
C8,C,0,0,0,glass,-4.960852765,2.940334778,0.125709788,NA,NA,Wenas_summer_2018,Wenas,summer,2018
D2,C,0,0,0,sponge,-4.095311496,1.726108783,0,NA,NA,Wenas_summer_2018,Wenas,summer,2018
D6,C,0,0,0,glass,-1.708340526,0.15202942,0.001986624,NA,NA,Wenas_summer_2018,Wenas,summer,2018
F4,C,0,0,0,glass,-1.165509822,0.472694206,0.024533885,NA,NA,Wenas_summer_2018,Wenas,summer,2018
F8,C,0,0,0,sponge,-9.627732297,2.696490931,0,NA,NA,Wenas_summer_2018,Wenas,summer,2018
G8,C,0,0,0,glass,-0.611599697,0,0.943343722,NA,NA,Wenas_summer_2018,Wenas,summer,2018
H6,C,0,0,0,glass,-1.674886766,0.328809814,0.010661405,NA,NA,Wenas_summer_2018,Wenas,summer,2018
H7,C,0,0,0,glass,-0.877421464,0.200742454,0,NA,NA,Wenas_summer_2018,Wenas,summer,2018
I1,C,0,0,0,sponge,-6.858411226,2.219848559,0,NA,NA,Wenas_summer_2018,Wenas,summer,2018
A6,C,0,0,0,cellulose,-13.62759973,0,,NA,,Ahtanum_fall_2018,Ahtanum,fall,2018
B5,C,0,0,0,glass,-20.66947773,0,0,0,,Ahtanum_fall_2018,Ahtanum,fall,2018
B7,C,0,0,0,cellulose,-16.46448186,0,,NA,,Ahtanum_fall_2018,Ahtanum,fall,2018
C4,C,0,0,0,cellulose,-17.44295145,0,,NA,,Ahtanum_fall_2018,Ahtanum,fall,2018
D7,C,0,0,0,glass,-14.51724171,2.198356194,0.716000666,1.84560989,,Ahtanum_fall_2018,Ahtanum,fall,2018
F5,C,0,0,0,glass,-20.54726082,11.9730645,0.868242548,2.23803847,,Ahtanum_fall_2018,Ahtanum,fall,2018
F6,C,0,0,0,glass,-21.53178589,9.214948817,0.586238427,1.511126303,,Ahtanum_fall_2018,Ahtanum,fall,2018
G1,C,0,0,0,glass,-19.94895862,7.934836729,0.49671176,1.280356543,,Ahtanum_fall_2018,Ahtanum,fall,2018
G4,C,0,0,0,cellulose,-19.55876153,1.547692605,,NA,,Ahtanum_fall_2018,Ahtanum,fall,2018
J6,C,0,0,0,cellulose,-17.6048312,0,,NA,,Ahtanum_fall_2018,Ahtanum,fall,2018
AB1,C,0,0,0,glass,NA,NA,0.209692789,0.540517893,respiration not measured so no GPP or CR,Satus_summer_2018,Satus,summer,2018
AB3,C,0,0,0,glass,-11.21270112,0,0.345349676,0.890195986,,Satus_summer_2018,Satus,summer,2018
AC3,C,0,0,0,cellulose,-13.9474048,0,NA,NA,,Satus_summer_2018,Satus,summer,2018
AD2,C,0,0,0,cellulose,-31.31961369,8.205228089,NA,NA,sponge falling apart but all SA there,Satus_summer_2018,Satus,summer,2018
U1,C,0,0,0,glass,-0.429806215,1.032141269,0.259372595,0.668575821,,Satus_summer_2018,Satus,summer,2018
W1,C,0,0,0,cellulose,-12.85250881,0,NA,NA,sponge falling apart but all SA there,Satus_summer_2018,Satus,summer,2018
X8,C,0,0,0,cellulose,NA,NA,NA,NA,,Satus_summer_2018,Satus,summer,2018
Y2,C,0,0,0,glass,-9.988439262,5.033815192,0.364844404,0.940446879,,Satus_summer_2018,Satus,summer,2018
Y5,C,0,0,0,cellulose,-25.98384585,2.664278984,NA,NA,,Satus_summer_2018,Satus,summer,2018
Z7,C,0,0,0,glass,-11.45526937,4.803380401,0.43349266,1.117399126,,Satus_summer_2018,Satus,summer,2018
AC3,C,0,0,0,cellulose,-18.44095745,0,,NA,,Satus_fall_2018,Satus,fall,2018
AD2,C,0,0,0,cellulose,-19.0079384,0,,NA,,Satus_fall_2018,Satus,fall,2018
W1,C,0,0,0,cellulose,-15.73584392,0,,NA,,Satus_fall_2018,Satus,fall,2018
X8,C,0,0,0,cellulose,-16.13875107,0,,NA,,Satus_fall_2018,Satus,fall,2018
Y5,C,0,0,0,cellulose,-16.26268242,0,,NA,,Satus_fall_2018,Satus,fall,2018
AB1,C,0,0,0,glass,-16.87522696,6.08374153,0.068155651,0.17568244,,Satus_fall_2018,Satus,fall,2018
AB3,C,0,0,0,glass,-17.54684117,3.568761159,0,0,,Satus_fall_2018,Satus,fall,2018
U1,C,0,0,0,glass,-8.999537896,4.230655688,0.028067245,0.072347958,,Satus_fall_2018,Satus,fall,2018
Y2,C,0,0,0,glass,-15.00087602,0,0,0,,Satus_fall_2018,Satus,fall,2018
Z7,C,0,0,0,glass,-16.25801925,7.842842934,0.025339871,0.0653177,,Satus_fall_2018,Satus,fall,2018
K2,C,0,0,0,cellulose,-13.44060238,1.423534687,NA,NA,,Toppenish_summer_2018,Toppenish,summer,2018
K4,C,0,0,0,cellulose,-19.19341565,6.848448414,NA,NA,,Toppenish_summer_2018,Toppenish,summer,2018
K5,C,0,0,0,glass,-10.06306865,6.104597687,1.462655018,3.770235556,thick growth,Toppenish_summer_2018,Toppenish,summer,2018
K8,C,0,0,0,cellulose,-18.75089156,2.064954328,NA,NA,,Toppenish_summer_2018,Toppenish,summer,2018
L1,C,0,0,0,cellulose,-22.41501409,9.566503878,NA,NA,,Toppenish_summer_2018,Toppenish,summer,2018
M5,C,0,0,0,glass,-12.87367392,2.491947688,0.675473961,1.741146006,,Toppenish_summer_2018,Toppenish,summer,2018
O8,C,0,0,0,glass,-17.03745983,3.018489657,1.064555923,2.744069206,,Toppenish_summer_2018,Toppenish,summer,2018
P6,C,0,0,0,glass,-14.01498972,0,0.050967593,0.131377413,sparse growth,Toppenish_summer_2018,Toppenish,summer,2018
Q7,C,0,0,0,cellulose,-21.78730691,5.877576506,NA,NA,very thing,Toppenish_summer_2018,Toppenish,summer,2018
T8,C,0,0,0,glass,-8.181620345,0,1.042652147,2.687608594,,Toppenish_summer_2018,Toppenish,summer,2018
B3,N,1,0,0,glass,-8.089589626,0,1.347862146,3.474337916,,Ahtanum_summer_2018,Ahtanum,summer,2018
B4,N,1,0,0,cellulose,-43.50577964,37.42178253,NA,NA,,Ahtanum_summer_2018,Ahtanum,summer,2018
B6,N,1,0,0,cellulose,NA,NA,NA,NA,,Ahtanum_summer_2018,Ahtanum,summer,2018
C2,N,1,0,0,cellulose,NA,NA,NA,NA,eaten completely,Ahtanum_summer_2018,Ahtanum,summer,2018
D5,N,1,0,0,glass,-14.28507744,2.230831384,1.35996817,3.505543197,,Ahtanum_summer_2018,Ahtanum,summer,2018
F7,N,1,0,0,glass,-13.07036597,2.95251263,2.070117294,5.336070182,,Ahtanum_summer_2018,Ahtanum,summer,2018
G5,N,1,0,0,glass,-15.19510928,3.394721176,1.745538938,4.49941571,,Ahtanum_summer_2018,Ahtanum,summer,2018
G7,N,1,0,0,glass,-13.86097433,3.665547846,1.796384876,4.630479537,,Ahtanum_summer_2018,Ahtanum,summer,2018
H1,N,1,0,0,cellulose,-18.70004583,1.84402865,NA,NA,,Ahtanum_summer_2018,Ahtanum,summer,2018
J5,N,1,0,0,cellulose,NA,NA,NA,NA,eaten completely,Ahtanum_summer_2018,Ahtanum,summer,2018
B3,N,1,0,0,glass,-12.52164913,0,0.19159454,0.493866549,,Ahtanum_fall_2018,Ahtanum,fall,2018
B4,N,1,0,0,cellulose,-9.16293976,0,,NA,,Ahtanum_fall_2018,Ahtanum,fall,2018
B6,N,1,0,0,cellulose,-14.23751152,0,,NA,,Ahtanum_fall_2018,Ahtanum,fall,2018
C2,N,1,0,0,cellulose,-12.15657202,0,,NA,,Ahtanum_fall_2018,Ahtanum,fall,2018
D5,N,1,0,0,glass,-13.48377268,3.56327905,0.406106941,1.046807667,,Ahtanum_fall_2018,Ahtanum,fall,2018
F7,N,1,0,0,glass,-16.92420859,5.273344914,0.537857523,1.386416539,,Ahtanum_fall_2018,Ahtanum,fall,2018
G5,N,1,0,0,glass,-16.05782653,4.931316354,0.255135167,0.657653002,,Ahtanum_fall_2018,Ahtanum,fall,2018
G7,N,1,0,0,glass,-13.85249039,4.790738045,0.5083123,1.310258848,,Ahtanum_fall_2018,Ahtanum,fall,2018
H1,N,1,0,0,cellulose,-13.85641067,0.171026751,,NA,,Ahtanum_fall_2018,Ahtanum,fall,2018
J5,N,1,0,0,cellulose,-18.25096011,10.95070301,,NA,unsure of final P value,Ahtanum_fall_2018,Ahtanum,fall,2018
W5,N,1,0,0,glass,-0.423200154,2.423701316,0.054671947,NA,NA,Reecer_fall_2018,Reecer,fall,2018
X1,N,1,0,0,sponge,-8.776917394,1.181027974,0,NA,NA,Reecer_fall_2018,Reecer,fall,2018
Y1,N,1,0,0,glass,-0.346910499,2.331649044,0.207939019,NA,NA,Reecer_fall_2018,Reecer,fall,2018
Y4,N,1,0,0,sponge,-9.295480861,3.292534273,0,NA,NA,Reecer_fall_2018,Reecer,fall,2018
Z4,N,1,0,0,glass,-0.865817613,2.234528491,0.082178003,NA,NA,Reecer_fall_2018,Reecer,fall,2018
AA3,N,1,0,0,glass,-0.508895383,1.500866329,0.059483986,NA,NA,Reecer_fall_2018,Reecer,fall,2018
AA6,N,1,0,0,glass,-1.260479119,3.630639837,0.547652136,NA,NA,Reecer_fall_2018,Reecer,fall,2018
CC4,N,1,0,0,sponge,-15.48919335,4.730555549,0,NA,NA,Reecer_fall_2018,Reecer,fall,2018
CC5,N,1,0,0,sponge,-10.03743056,1.459107038,0,NA,NA,Reecer_fall_2018,Reecer,fall,2018
DD3,N,1,0,0,sponge,-2.043751223,2.521518792,0,NA,NA,Reecer_fall_2018,Reecer,fall,2018
U5,N,1,0,0,glass,-4.397220487,7.196642916,0.000127386,NA,NA,Reecer_summer_2018,Reecer,summer,2018
U6,N,1,0,0,glass,-5.352984144,7.548134141,0.000304954,NA,NA,Reecer_summer_2018,Reecer,summer,2018
U7,N,1,0,0,glass,-4.540585035,6.690515648,0.00024083,NA,NA,Reecer_summer_2018,Reecer,summer,2018
V7,N,1,0,0,sponge,-15.34071436,2.021342727,0,NA,NA,Reecer_summer_2018,Reecer,summer,2018
Y1,N,1,0,0,glass,-2.708612615,4.703042747,0.000308333,NA,NA,Reecer_summer_2018,Reecer,summer,2018
Y2,N,1,0,0,sponge,-14.04043125,1.213284058,0,NA,NA,Reecer_summer_2018,Reecer,summer,2018
Z6,N,1,0,0,sponge,-14.58734772,1.615599771,0,NA,NA,Reecer_summer_2018,Reecer,summer,2018
AA1,N,1,0,0,sponge,-14.21280146,2.430484755,0,NA,NA,Reecer_summer_2018,Reecer,summer,2018
AA8,N,1,0,0,glass,-4.849370217,6.009450688,0.000119219,NA,NA,Reecer_summer_2018,Reecer,summer,2018
AA1,N,1,0,0,cellulose,-25.65282908,0,NA,NA,sponge very thin,Satus_summer_2018,Satus,summer,2018
AC2,N,1,0,0,glass,-11.67780165,3.477388378,0.712692624,1.837083276,,Satus_summer_2018,Satus,summer,2018
AC6,N,1,0,0,cellulose,-22.93779953,0,NA,NA,,Satus_summer_2018,Satus,summer,2018
AC7,N,1,0,0,cellulose,-25.49660418,2.09383801,NA,NA,,Satus_summer_2018,Satus,summer,2018
AD5,N,1,0,0,cellulose,-31.33450327,16.22381326,NA,NA,sponge partly eaten and new SA measured,Satus_summer_2018,Satus,summer,2018
AD8,N,1,0,0,glass,-15.82549997,2.415814664,0.345320882,0.890121767,,Satus_summer_2018,Satus,summer,2018
V5,N,1,0,0,glass,-5.6292793,4.762291839,1.323850053,3.41244277,,Satus_summer_2018,Satus,summer,2018
W4,N,1,0,0,glass,-9.164577673,10.25279702,1.609458148,4.148644938,,Satus_summer_2018,Satus,summer,2018
W8,N,1,0,0,glass,-7.642689004,10.2822595,1.550498871,3.996667635,,Satus_summer_2018,Satus,summer,2018
Z1,N,1,0,0,cellulose,-23.94749001,0,NA,NA,,Satus_summer_2018,Satus,summer,2018
AA1,N,1,0,0,cellulose,-17.42369693,0,,NA,,Satus_fall_2018,Satus,fall,2018
AC6,N,1,0,0,cellulose,-18.60500297,0,,NA,,Satus_fall_2018,Satus,fall,2018
AC7,N,1,0,0,cellulose,-18.80593911,0,,NA,,Satus_fall_2018,Satus,fall,2018
AD5,N,1,0,0,cellulose,-18.87291782,0.167953531,,NA,,Satus_fall_2018,Satus,fall,2018
Z1,N,1,0,0,cellulose,-16.01678905,0,,NA,,Satus_fall_2018,Satus,fall,2018
AC2,N,1,0,0,glass,-18.14475236,5.465718004,0,0,,Satus_fall_2018,Satus,fall,2018
AD8,N,1,0,0,glass,-19.49280988,2.591841168,0,0,,Satus_fall_2018,Satus,fall,2018
V5,N,1,0,0,glass,-11.21725092,6.05782141,0.104505714,0.269380726,,Satus_fall_2018,Satus,fall,2018
W4,N,1,0,0,glass,-14.72497109,1.42199398,0,0,,Satus_fall_2018,Satus,fall,2018
W8,N,1,0,0,glass,-13.81182382,6.260630938,0,0,,Satus_fall_2018,Satus,fall,2018
K3,N,1,0,0,cellulose,-15.55488418,2.066802799,NA,NA,very thin,Toppenish_summer_2018,Toppenish,summer,2018
L8,N,1,0,0,glass,-11.86919614,6.454650384,1.589333164,4.096769458,,Toppenish_summer_2018,Toppenish,summer,2018
N1,N,1,0,0,cellulose,-26.39009997,0,NA,NA,very thin,Toppenish_summer_2018,Toppenish,summer,2018
N4,N,1,0,0,glass,-10.26029365,7.22600303,1.550650836,3.99705935,,Toppenish_summer_2018,Toppenish,summer,2018
O1,N,1,0,0,cellulose,-21.47994099,2.065467038,NA,NA,,Toppenish_summer_2018,Toppenish,summer,2018
O3,N,1,0,0,glass,-17.0893275,3.006264767,1.443403433,3.720611408,,Toppenish_summer_2018,Toppenish,summer,2018
P3,N,1,0,0,glass,-13.44331725,0.554554308,0.191572145,0.493808932,sparse growth,Toppenish_summer_2018,Toppenish,summer,2018
Q1,N,1,0,0,cellulose,-20.86421551,2.047210428,NA,NA,,Toppenish_summer_2018,Toppenish,summer,2018
R3,N,1,0,0,cellulose,-23.38420678,0.850113307,NA,NA,very thin,Toppenish_summer_2018,Toppenish,summer,2018
T2,N,1,0,0,glass,-14.39641456,0.372487337,1.241739286,3.200788668,,Toppenish_summer_2018,Toppenish,summer,2018
A5,N,1,0,0,glass,0,2.900915521,0,NA,NA,Wenas_fall_2018,Wenas,fall,2018
A7,N,1,0,0,glass,0,2.92965717,0.000312856,NA,NA,Wenas_fall_2018,Wenas,fall,2018
A8,N,1,0,0,sponge,-0.04753479,2.352263032,0.001261974,NA,NA,Wenas_fall_2018,Wenas,fall,2018
B3,N,1,0,0,glass,-5.040361026,2.195331357,0,NA,NA,Wenas_fall_2018,Wenas,fall,2018
C4,N,1,0,0,glass,-8.379478679,0,0,NA,NA,Wenas_fall_2018,Wenas,fall,2018
D1,N,1,0,0,sponge,-0.278243868,3.712115924,0.001237474,NA,NA,Wenas_fall_2018,Wenas,fall,2018
G6,N,1,0,0,sponge,-0.885836479,4.714319917,0.001564384,NA,NA,Wenas_fall_2018,Wenas,fall,2018
H3,N,1,0,0,glass,-0.148624111,2.624732284,0.001006992,NA,NA,Wenas_fall_2018,Wenas,fall,2018
J2,N,1,0,0,sponge,-10.80984912,1.574580341,0,NA,NA,Wenas_fall_2018,Wenas,fall,2018
J4,N,1,0,0,sponge,-8.257960156,0.611999607,0,NA,NA,Wenas_fall_2018,Wenas,fall,2018
B4,N,1,0,0,glass,-5.527494079,2.332370826,1.283248607,NA,NA,Wenas_summer_2018,Wenas,summer,2018
B6,N,1,0,0,sponge,-17.48768365,2.6254542,0,NA,NA,Wenas_summer_2018,Wenas,summer,2018
C2,N,1,0,0,glass,-3.799886663,12.68046573,0.326441796,NA,NA,Wenas_summer_2018,Wenas,summer,2018
D5,N,1,0,0,sponge,-15.86636116,0,0,NA,NA,Wenas_summer_2018,Wenas,summer,2018
E1,N,1,0,0,glass,-3.521325656,0,2.168925352,NA,NA,Wenas_summer_2018,Wenas,summer,2018
E2,N,1,0,0,glass,0,0,1.500581886,NA,NA,Wenas_summer_2018,Wenas,summer,2018
F5,N,1,0,0,glass,-5.881435889,0.334016686,4.309222712,NA,NA,Wenas_summer_2018,Wenas,summer,2018
G6,N,1,0,0,sponge,-23.37407291,5.077949159,0,NA,NA,Wenas_summer_2018,Wenas,summer,2018
H2,N,1,0,0,sponge,-12.30775745,0,0,NA,NA,Wenas_summer_2018,Wenas,summer,2018
J7,N,1,0,0,sponge,-16.7522597,0,0,NA,NA,Wenas_summer_2018,Wenas,summer,2018
AA6,NP,1,1,0,cellulose,-16.30497924,0.229963752,,NA,,Satus_fall_2018,Satus,fall,2018
AD1,NP,1,1,0,cellulose,-18.90667297,1.283810306,,NA,,Satus_fall_2018,Satus,fall,2018
W3,NP,1,1,0,cellulose,-16.64076908,0,,NA,,Satus_fall_2018,Satus,fall,2018
X3,NP,1,1,0,cellulose,-16.22785034,1.920657664,,NA,,Satus_fall_2018,Satus,fall,2018
X6,NP,1,1,0,cellulose,-15.87603754,1.391630352,,NA,,Satus_fall_2018,Satus,fall,2018
AA3,NP,1,1,0,glass,-17.2859222,7.728659456,0,0,,Satus_fall_2018,Satus,fall,2018
AD3,NP,1,1,0,glass,-18.77165239,8.768531693,0,0,,Satus_fall_2018,Satus,fall,2018
W2,NP,1,1,0,glass,-15.95733208,7.374580247,0,0,,Satus_fall_2018,Satus,fall,2018
W6,NP,1,1,0,glass,-13.29254597,2.172764529,0.080671181,0.207943283,,Satus_fall_2018,Satus,fall,2018
Y3,NP,1,1,0,glass,-13.84231233,4.796557393,0.028212812,0.07272318,,Satus_fall_2018,Satus,fall,2018
AC4,NPSi,1,1,1,cellulose,-18.2083634,0,,NA,,Satus_fall_2018,Satus,fall,2018
X4,NPSi,1,1,1,cellulose,-16.3180231,0,,NA,,Satus_fall_2018,Satus,fall,2018
Y4,NPSi,1,1,1,cellulose,-15.98630455,0,,NA,,Satus_fall_2018,Satus,fall,2018
Y6,NPSi,1,1,1,cellulose,-16.64581472,0,,NA,,Satus_fall_2018,Satus,fall,2018
Z4,NPSi,1,1,1,cellulose,-17.02099348,0,,NA,,Satus_fall_2018,Satus,fall,2018
AA5,NPSi,1,1,1,glass,-17.30596846,3.903654774,0,0,,Satus_fall_2018,Satus,fall,2018
AB7,NPSi,1,1,1,glass,-17.59697334,6.838974058,0,0,,Satus_fall_2018,Satus,fall,2018
AB8,NPSi,1,1,1,glass,-18.08772122,3.967549386,0,0,,Satus_fall_2018,Satus,fall,2018
V6,NPSi,1,1,1,glass,-11.79446391,1.870822634,0.01644911,0.042400296,,Satus_fall_2018,Satus,fall,2018
Y7,NPSi,1,1,1,glass,-16.54455198,5.360206614,0.031644025,0.081567698,,Satus_fall_2018,Satus,fall,2018
AA4,NSi,1,0,1,cellulose,-16.32421473,0.699848075,,NA,,Satus_fall_2018,Satus,fall,2018
AB5,NSi,1,0,1,cellulose,-17.99631474,0,,NA,,Satus_fall_2018,Satus,fall,2018
AC1,NSi,1,0,1,cellulose,-18.27945527,0,,NA,,Satus_fall_2018,Satus,fall,2018
X2,NSi,1,0,1,cellulose,-12.42508449,0.719400843,,NA,,Satus_fall_2018,Satus,fall,2018
Z3,NSi,1,0,1,cellulose,-16.90992631,0,,NA,,Satus_fall_2018,Satus,fall,2018
AA7,NSi,1,0,1,glass,-17.01116235,5.500501109,0.02046099,0.052741579,,Satus_fall_2018,Satus,fall,2018
AD6,NSi,1,0,1,glass,-18.9745867,7.244753366,0.046869333,0.120813442,,Satus_fall_2018,Satus,fall,2018
U8,NSi,1,0,1,glass,-11.22029978,5.045472551,0.039592602,0.102056467,,Satus_fall_2018,Satus,fall,2018
V1,NSi,1,0,1,glass,-10.48813979,3.501269627,0.015209394,0.039204724,,Satus_fall_2018,Satus,fall,2018
Y8,NSi,1,0,1,glass,-16.54455198,3.916819,0,0,,Satus_fall_2018,Satus,fall,2018
A4,NP,1,1,0,glass,-13.56556335,3.12366062,0.121017127,0.311941688,,Ahtanum_summer_2018,Ahtanum,summer,2018
D1,NP,1,1,0,cellulose,-35.50422399,10.60580741,NA,NA,,Ahtanum_summer_2018,Ahtanum,summer,2018
D2,NP,1,1,0,glass,-22.00931361,6.303584157,1.456358862,3.754006171,,Ahtanum_summer_2018,Ahtanum,summer,2018
D6,NP,1,1,0,cellulose,-25.54551813,2.580128863,NA,NA,,Ahtanum_summer_2018,Ahtanum,summer,2018
E1,NP,1,1,0,glass,-15.2302215,5.786296965,1.627940309,4.196285769,,Ahtanum_summer_2018,Ahtanum,summer,2018
F3,NP,1,1,0,glass,-18.63463514,0,1.675220665,4.318158717,,Ahtanum_summer_2018,Ahtanum,summer,2018
G2,NP,1,1,0,cellulose,-24.62867676,1.346316852,NA,NA,,Ahtanum_summer_2018,Ahtanum,summer,2018
H7,NP,1,1,0,cellulose,-23.27540231,0,NA,NA,,Ahtanum_summer_2018,Ahtanum,summer,2018
I2,NP,1,1,0,cellulose,-14.98151653,4.545751099,NA,NA,,Ahtanum_summer_2018,Ahtanum,summer,2018
J4,NP,1,1,0,glass,-12.51364834,0,1.361147099,3.508582083,,Ahtanum_summer_2018,Ahtanum,summer,2018
A4,NP,1,1,0,glass,-8.921988871,0,0,0,,Ahtanum_fall_2018,Ahtanum,fall,2018
D1,NP,1,1,0,cellulose,-9.694613186,0,,NA,,Ahtanum_fall_2018,Ahtanum,fall,2018
D2,NP,1,1,0,glass,-10.88326598,0,0.165366955,0.426260621,,Ahtanum_fall_2018,Ahtanum,fall,2018
D6,NP,1,1,0,cellulose,-9.602492595,0,,NA,,Ahtanum_fall_2018,Ahtanum,fall,2018
E1,NP,1,1,0,glass,-9.440758526,3.23526653,0.017645636,0.045484538,,Ahtanum_fall_2018,Ahtanum,fall,2018
F3,NP,1,1,0,glass,-10.31109051,3.75299694,0,0,,Ahtanum_fall_2018,Ahtanum,fall,2018
G2,NP,1,1,0,cellulose,-17.3039925,6.349373742,,NA,,Ahtanum_fall_2018,Ahtanum,fall,2018
H7,NP,1,1,0,cellulose,-14.29642169,0.953349167,,NA,,Ahtanum_fall_2018,Ahtanum,fall,2018
I2,NP,1,1,0,cellulose,-14.00246188,0,,NA,,Ahtanum_fall_2018,Ahtanum,fall,2018
J4,NP,1,1,0,glass,-18.89215971,8.600206531,0.091897406,0.236880731,,Ahtanum_fall_2018,Ahtanum,fall,2018
U1,NP,1,1,0,sponge,-6.030489808,0.753796064,0,NA,NA,Reecer_fall_2018,Reecer,fall,2018
V6,NP,1,1,0,glass,0,1.440249993,0.107637128,NA,NA,Reecer_fall_2018,Reecer,fall,2018
V7,NP,1,1,0,glass,0,1.680516062,0.054283616,NA,NA,Reecer_fall_2018,Reecer,fall,2018
W6,NP,1,1,0,sponge,-5.191303602,0.298627595,0,NA,NA,Reecer_fall_2018,Reecer,fall,2018
W8,NP,1,1,0,sponge,-5.725331188,0.191307425,0,NA,NA,Reecer_fall_2018,Reecer,fall,2018
X2,NP,1,1,0,glass,-0.423200154,0.393125553,0.00610708,NA,NA,Reecer_fall_2018,Reecer,fall,2018
AA4,NP,1,1,0,sponge,-7.461530463,0.634846571,0,NA,NA,Reecer_fall_2018,Reecer,fall,2018
CC7,NP,1,1,0,sponge,-8.568161156,2.644319912,0,NA,NA,Reecer_fall_2018,Reecer,fall,2018
DD4,NP,1,1,0,glass,-2.467141549,3.218325793,0.634458327,NA,NA,Reecer_fall_2018,Reecer,fall,2018
DD5,NP,1,1,0,glass,-10.5885378,3.43690983,0.916338079,NA,NA,Reecer_fall_2018,Reecer,fall,2018
X4,NP,1,1,0,glass,-5.928639496,7.038159679,0.000151284,NA,NA,Reecer_summer_2018,Reecer,summer,2018
Y3,NP,1,1,0,sponge,-19.43104941,8.176407781,0,NA,NA,Reecer_summer_2018,Reecer,summer,2018
Y8,NP,1,1,0,glass,-3.654836623,6.289835898,0.000227139,NA,NA,Reecer_summer_2018,Reecer,summer,2018
Z1,NP,1,1,0,glass,-2.970561577,5.014758521,0.00024111,NA,NA,Reecer_summer_2018,Reecer,summer,2018
AA3,NP,1,1,0,sponge,-16.28860703,0,0,NA,NA,Reecer_summer_2018,Reecer,summer,2018
AA7,NP,1,1,0,sponge,-15.26832516,2.468311295,0,NA,NA,Reecer_summer_2018,Reecer,summer,2018
BB8,NP,1,1,0,sponge,-17.12196199,3.802167491,0,NA,NA,Reecer_summer_2018,Reecer,summer,2018
CC3,NP,1,1,0,glass,-9.932116096,5.50028263,9.92E-05,NA,NA,Reecer_summer_2018,Reecer,summer,2018
DD1,NP,1,1,0,glass,-8.495488989,6.953573752,0.000108322,NA,NA,Reecer_summer_2018,Reecer,summer,2018
DD2,NP,1,1,0,sponge,-18.03001582,4.019967279,0,NA,NA,Reecer_summer_2018,Reecer,summer,2018
AA3,NP,1,1,0,glass,-19.28928,0,0.92256289,2.378058645,,Satus_summer_2018,Satus,summer,2018
AA6,NP,1,1,0,cellulose,-21.03966381,2.241895402,NA,NA,,Satus_summer_2018,Satus,summer,2018
AD1,NP,1,1,0,cellulose,-27.8484959,4.935046442,NA,NA,,Satus_summer_2018,Satus,summer,2018
AD3,NP,1,1,0,glass,-19.75105038,0,1.023224603,2.637530882,,Satus_summer_2018,Satus,summer,2018
W2,NP,1,1,0,glass,-11.6837047,0,1.332574452,3.434931354,,Satus_summer_2018,Satus,summer,2018
W3,NP,1,1,0,cellulose,-16.44648305,0,NA,NA,sponge falling apart but all SA there,Satus_summer_2018,Satus,summer,2018
W6,NP,1,1,0,glass,-12.56738701,0.613752306,1.787284563,4.607021974,,Satus_summer_2018,Satus,summer,2018
X3,NP,1,1,0,cellulose,-21.00972644,0,NA,NA,sponge falling apart but all SA there,Satus_summer_2018,Satus,summer,2018
X6,NP,1,1,0,cellulose,-26.66422968,2.77861818,NA,NA,,Satus_summer_2018,Satus,summer,2018
Y3,NP,1,1,0,glass,-13.45639093,1.078819401,0.708866302,1.827220297,,Satus_summer_2018,Satus,summer,2018
L7,NP,1,1,0,cellulose,-22.34054463,0,NA,NA,,Toppenish_summer_2018,Toppenish,summer,2018
M1,NP,1,1,0,cellulose,-17.16342416,0,NA,NA,,Toppenish_summer_2018,Toppenish,summer,2018
M4,NP,1,1,0,cellulose,-19.51375246,0,NA,NA,,Toppenish_summer_2018,Toppenish,summer,2018
M6,NP,1,1,0,glass,-12.58646904,0,0.25180633,0.64907252,,Toppenish_summer_2018,Toppenish,summer,2018
M8,NP,1,1,0,glass,-14.47109762,0,0.240354557,0.619553678,,Toppenish_summer_2018,Toppenish,summer,2018
N2,NP,1,1,0,glass,-17.43427869,2.541441355,1.106112792,2.851188918,,Toppenish_summer_2018,Toppenish,summer,2018
N6,NP,1,1,0,cellulose,-20.63959037,0,NA,NA,,Toppenish_summer_2018,Toppenish,summer,2018
P5,NP,1,1,0,glass,-18.20608308,3.127956709,0.399367686,1.029436356,sparse growth,Toppenish_summer_2018,Toppenish,summer,2018
Q5,NP,1,1,0,glass,-19.50642834,0,0.21683835,0.558936761,sparse growth,Toppenish_summer_2018,Toppenish,summer,2018
R2,NP,1,1,0,cellulose,-23.12021446,3.714242941,NA,NA,sparse growth,Toppenish_summer_2018,Toppenish,summer,2018
B4,NP,1,1,0,sponge,-2.673391551,1.172411122,0.000809306,NA,NA,Wenas_fall_2018,Wenas,fall,2018
E2,NP,1,1,0,sponge,-5.98593203,1.262620122,0,NA,NA,Wenas_fall_2018,Wenas,fall,2018
E6,NP,1,1,0,glass,-5.077344924,0,0,NA,NA,Wenas_fall_2018,Wenas,fall,2018
E7,NP,1,1,0,glass,-0.787212751,0.875615291,0.000307268,NA,NA,Wenas_fall_2018,Wenas,fall,2018
F1,NP,1,1,0,sponge,-1.37895512,1.969576704,0.00049435,NA,NA,Wenas_fall_2018,Wenas,fall,2018
F8,NP,1,1,0,sponge,-6.630668642,2.415699528,0,NA,NA,Wenas_fall_2018,Wenas,fall,2018
G3,NP,1,1,0,sponge,-0.317500953,0.100921256,0.000712665,NA,NA,Wenas_fall_2018,Wenas,fall,2018
G4,NP,1,1,0,glass,-5.376311677,1.528788893,0,NA,NA,Wenas_fall_2018,Wenas,fall,2018
G7,NP,1,1,0,glass,-4.964112285,0.444555853,0,NA,NA,Wenas_fall_2018,Wenas,fall,2018
I3,NP,1,1,0,sponge,-0.885836479,1.462801666,0.000481785,NA,NA,Wenas_fall_2018,Wenas,fall,2018
B1,NP,1,1,0,glass,-7.038324436,3.032311507,0.498761208,NA,NA,Wenas_summer_2018,Wenas,summer,2018
E4,NP,1,1,0,glass,-1.319087528,0.309599933,0.476240831,NA,NA,Wenas_summer_2018,Wenas,summer,2018
E7,NP,1,1,0,sponge,-11.1115595,5.482183751,0,NA,NA,Wenas_summer_2018,Wenas,summer,2018
F3,NP,1,1,0,sponge,-17.93705862,0,0,NA,NA,Wenas_summer_2018,Wenas,summer,2018
F7,NP,1,1,0,sponge,-12.40439905,0,0,NA,NA,Wenas_summer_2018,Wenas,summer,2018
H1,NP,1,1,0,glass,-9.428021643,1.206806055,0.250938493,NA,NA,Wenas_summer_2018,Wenas,summer,2018
H3,NP,1,1,0,sponge,NA,NA,NA,NA,NA,Wenas_summer_2018,Wenas,summer,2018
H4,NP,1,1,0,glass,-9.270755362,5.923196868,0.542874439,NA,NA,Wenas_summer_2018,Wenas,summer,2018
I8,NP,1,1,0,sponge,NA,NA,NA,NA,NA,Wenas_summer_2018,Wenas,summer,2018
J3,NP,1,1,0,glass,-7.375990117,6.188205692,0.399671105,NA,NA,Wenas_summer_2018,Wenas,summer,2018
A8,NPSi,1,1,1,cellulose,-25.39868381,1.757355392,NA,NA,,Ahtanum_summer_2018,Ahtanum,summer,2018
B2,NPSi,1,1,1,cellulose,-31.75132384,19.89571553,NA,NA,,Ahtanum_summer_2018,Ahtanum,summer,2018
C3,NPSi,1,1,1,glass,-15.16496155,5.267797019,1.814771059,4.677872969,,Ahtanum_summer_2018,Ahtanum,summer,2018
C8,NPSi,1,1,1,cellulose,-39.69620532,14.26701819,NA,NA,,Ahtanum_summer_2018,Ahtanum,summer,2018
F2,NPSi,1,1,1,cellulose,-38.31479229,18.05208976,NA,NA,,Ahtanum_summer_2018,Ahtanum,summer,2018
F4,NPSi,1,1,1,glass,-17.41944992,1.296992349,1.667999921,4.299546054,,Ahtanum_summer_2018,Ahtanum,summer,2018
H3,NPSi,1,1,1,glass,-18.31192022,5.941695403,1.773959619,4.572674724,,Ahtanum_summer_2018,Ahtanum,summer,2018
H5,NPSi,1,1,1,cellulose,-30.16016735,17.80868784,NA,NA,,Ahtanum_summer_2018,Ahtanum,summer,2018
H6,NPSi,1,1,1,glass,-14.87044147,1.173578319,1.671917423,4.309644063,,Ahtanum_summer_2018,Ahtanum,summer,2018
I7,NPSi,1,1,1,glass,NA,NA,1.884905373,4.858655781,sample accidentally tossed after NPP,Ahtanum_summer_2018,Ahtanum,summer,2018
A8,NPSi,1,1,1,cellulose,-10.29608293,0,,NA,,Ahtanum_fall_2018,Ahtanum,fall,2018
B2,NPSi,1,1,1,cellulose,-8.724847234,0,,NA,,Ahtanum_fall_2018,Ahtanum,fall,2018
C3,NPSi,1,1,1,glass,-16.19633902,0,0.184736913,0.476189883,,Ahtanum_fall_2018,Ahtanum,fall,2018
C8,NPSi,1,1,1,cellulose,-13.24910494,0,,NA,,Ahtanum_fall_2018,Ahtanum,fall,2018
F2,NPSi,1,1,1,cellulose,-13.51070664,1.994529287,,NA,,Ahtanum_fall_2018,Ahtanum,fall,2018
F4,NPSi,1,1,1,glass,-12.4571745,3.761459656,0.032678988,0.084235485,,Ahtanum_fall_2018,Ahtanum,fall,2018
H3,NPSi,1,1,1,glass,-14.28515163,4.541812569,0.290170331,0.747961921,,Ahtanum_fall_2018,Ahtanum,fall,2018
H5,NPSi,1,1,1,cellulose,-15.27691715,7.865527371,,NA,,Ahtanum_fall_2018,Ahtanum,fall,2018
H6,NPSi,1,1,1,glass,-17.17539552,9.244495707,0.048641727,0.125382079,,Ahtanum_fall_2018,Ahtanum,fall,2018
I7,NPSi,1,1,1,glass,-15.5064925,10.60000154,0.093071537,0.239907247,,Ahtanum_fall_2018,Ahtanum,fall,2018
U4,NPSi,1,1,1,sponge,-6.770668996,1.623141644,0,NA,NA,Reecer_fall_2018,Reecer,fall,2018
U5,NPSi,1,1,1,sponge,-8.756652955,3.325582384,0,NA,NA,Reecer_fall_2018,Reecer,fall,2018
X3,NPSi,1,1,1,glass,-0.402254557,0.070775747,0.145798914,NA,NA,Reecer_fall_2018,Reecer,fall,2018
X7,NPSi,1,1,1,sponge,-9.755280675,2.479386354,0,NA,NA,Reecer_fall_2018,Reecer,fall,2018
Y2,NPSi,1,1,1,glass,-0.461344982,1.749509722,0.262382668,NA,NA,Reecer_fall_2018,Reecer,fall,2018
Z7,NPSi,1,1,1,sponge,-10.25339714,2.240344574,0,NA,NA,Reecer_fall_2018,Reecer,fall,2018
AA5,NPSi,1,1,1,glass,-2.645179905,2.567033866,0.588312345,NA,NA,Reecer_fall_2018,Reecer,fall,2018
AA7,NPSi,1,1,1,glass,-2.188438743,1.796407223,53.87815972,NA,NA,Reecer_fall_2018,Reecer,fall,2018
AA8,NPSi,1,1,1,sponge,-12.62745485,2.82439804,0,NA,NA,Reecer_fall_2018,Reecer,fall,2018
BB5,NPSi,1,1,1,glass,-3.193728335,1.318072409,0.727671992,NA,NA,Reecer_fall_2018,Reecer,fall,2018
U3,NPSi,1,1,1,sponge,-19.63577741,0,0,NA,NA,Reecer_summer_2018,Reecer,summer,2018
V5,NPSi,1,1,1,glass,-5.305195961,6.03989596,0.000104352,NA,NA,Reecer_summer_2018,Reecer,summer,2018
W1,NPSi,1,1,1,sponge,-20.32040501,0,0,NA,NA,Reecer_summer_2018,Reecer,summer,2018
W4,NPSi,1,1,1,sponge,-24.19673353,9.876969488,0,NA,NA,Reecer_summer_2018,Reecer,summer,2018
X1,NPSi,1,1,1,sponge,-9.209080889,0.102275832,0,NA,NA,Reecer_summer_2018,Reecer,summer,2018
BB6,NPSi,1,1,1,sponge,-13.35566677,2.014324949,0,NA,NA,Reecer_summer_2018,Reecer,summer,2018
CC4,NPSi,1,1,1,glass,NA,NA,NA,NA,NA,Reecer_summer_2018,Reecer,summer,2018
CC6,NPSi,1,1,1,glass,-8.505001116,5.084551647,0.000195626,NA,NA,Reecer_summer_2018,Reecer,summer,2018
CC7,NPSi,1,1,1,glass,-8.148449764,6.120302628,9.50E-05,NA,NA,Reecer_summer_2018,Reecer,summer,2018
DD8,NPSi,1,1,1,glass,-7.609455252,7.015238676,0.000115538,NA,NA,Reecer_summer_2018,Reecer,summer,2018
AA5,NPSi,1,1,1,glass,-15.48945614,0,0.640630752,1.651331865,,Satus_summer_2018,Satus,summer,2018
AB7,NPSi,1,1,1,glass,-15.2631002,0.118627903,0.240106263,0.61891366,,Satus_summer_2018,Satus,summer,2018
AB8,NPSi,1,1,1,glass,-15.96609991,0,0.210213452,0.541859989,,Satus_summer_2018,Satus,summer,2018
AC4,NPSi,1,1,1,cellulose,-27.70792384,3.920240131,NA,NA,,Satus_summer_2018,Satus,summer,2018
V6,NPSi,1,1,1,glass,-8.418046052,0,1.410092673,3.634747407,,Satus_summer_2018,Satus,summer,2018
X4,NPSi,1,1,1,cellulose,-23.56801112,0,NA,NA,sponge falling apart but all SA there,Satus_summer_2018,Satus,summer,2018
Y4,NPSi,1,1,1,cellulose,-33.50138135,6.518659141,NA,NA,,Satus_summer_2018,Satus,summer,2018
Y6,NPSi,1,1,1,cellulose,-34.44072099,5.80971074,NA,NA,,Satus_summer_2018,Satus,summer,2018
Y7,NPSi,1,1,1,glass,-14.90373094,4.99135045,1.150517008,2.965648138,,Satus_summer_2018,Satus,summer,2018
Z4,NPSi,1,1,1,cellulose,-38.16190478,10.63057751,NA,NA,,Satus_summer_2018,Satus,summer,2018
O2,NPSi,1,1,1,glass,-21.01026817,4.849852708,1.236172562,3.186439516,,Toppenish_summer_2018,Toppenish,summer,2018
O6,NPSi,1,1,1,cellulose,-28.50021311,0,NA,NA,,Toppenish_summer_2018,Toppenish,summer,2018
P2,NPSi,1,1,1,glass,-13.56232649,0,0.457224817,1.178572691,sparse growth,Toppenish_summer_2018,Toppenish,summer,2018
Q6,NPSi,1,1,1,glass,-18.01885059,2.440534347,0.195104135,0.502913221,sparse growth,Toppenish_summer_2018,Toppenish,summer,2018
R4,NPSi,1,1,1,cellulose,-32.65972419,7.512178401,NA,NA,,Toppenish_summer_2018,Toppenish,summer,2018
R8,NPSi,1,1,1,glass,-19.30598757,0,0.597792577,1.540909375,,Toppenish_summer_2018,Toppenish,summer,2018
S2,NPSi,1,1,1,cellulose,NA,NA,NA,NA,,Toppenish_summer_2018,Toppenish,summer,2018
S3,NPSi,1,1,1,glass,-18.53956106,2.770752492,1.230617037,3.172119228,,Toppenish_summer_2018,Toppenish,summer,2018
S7,NPSi,1,1,1,cellulose,-39.13206679,15.25115759,NA,NA,very thin,Toppenish_summer_2018,Toppenish,summer,2018
S8,NPSi,1,1,1,cellulose,NA,NA,NA,NA,,Toppenish_summer_2018,Toppenish,summer,2018
A4,NPSi,1,1,1,sponge,-0.713244955,2.433801303,0.001405512,NA,NA,Wenas_fall_2018,Wenas,fall,2018
D6,NPSi,1,1,1,sponge,-2.673391551,2.707128836,0.001303991,NA,NA,Wenas_fall_2018,Wenas,fall,2018
D8,NPSi,1,1,1,sponge,-5.780038987,0,0,NA,NA,Wenas_fall_2018,Wenas,fall,2018
E1,NPSi,1,1,1,glass,-9.658341728,0.591689154,0,NA,NA,Wenas_fall_2018,Wenas,fall,2018
F4,NPSi,1,1,1,sponge,-7.81415338,0,0,NA,NA,Wenas_fall_2018,Wenas,fall,2018
F5,NPSi,1,1,1,sponge,-2.117825572,4.055598194,0.001411213,NA,NA,Wenas_fall_2018,Wenas,fall,2018
G5,NPSi,1,1,1,sponge,-4.355510072,2.118103708,0.001079533,NA,NA,Wenas_fall_2018,Wenas,fall,2018
I2,NPSi,1,1,1,glass,-6.690207743,0,0,NA,NA,Wenas_fall_2018,Wenas,fall,2018
I4,NPSi,1,1,1,glass,-1.767119455,3.569882835,0.001070611,NA,NA,Wenas_fall_2018,Wenas,fall,2018
I7,NPSi,1,1,1,glass,-8.461957314,0,0,NA,NA,Wenas_fall_2018,Wenas,fall,2018
A1,NPSi,1,1,1,sponge,-17.46980137,8.933346071,0,NA,NA,Wenas_summer_2018,Wenas,summer,2018
A2,NPSi,1,1,1,sponge,-16.78242387,5.442217195,0,NA,NA,Wenas_summer_2018,Wenas,summer,2018
A5,NPSi,1,1,1,glass,-4.882200917,10.66362212,1.003802821,NA,NA,Wenas_summer_2018,Wenas,summer,2018
C4,NPSi,1,1,1,sponge,-14.63785841,7.958288033,0,NA,NA,Wenas_summer_2018,Wenas,summer,2018
D4,NPSi,1,1,1,sponge,-11.46053577,1.397928114,0,NA,NA,Wenas_summer_2018,Wenas,summer,2018
G5,NPSi,1,1,1,glass,-6.843795597,10.49391694,0.789449258,NA,NA,Wenas_summer_2018,Wenas,summer,2018
I5,NPSi,1,1,1,glass,-8.246436929,10.80709799,0.502262933,NA,NA,Wenas_summer_2018,Wenas,summer,2018
I7,NPSi,1,1,1,glass,-6.559944681,7.113000782,0.487700414,NA,NA,Wenas_summer_2018,Wenas,summer,2018
J4,NPSi,1,1,1,sponge,-26.3238782,4.91814132,0,NA,NA,Wenas_summer_2018,Wenas,summer,2018
J5,NPSi,1,1,1,glass,-12.0116967,1.880815155,0.93414021,NA,NA,Wenas_summer_2018,Wenas,summer,2018
B1,NSi,1,0,1,cellulose,-21.11449065,0,NA,NA,,Ahtanum_summer_2018,Ahtanum,summer,2018
C6,NSi,1,0,1,cellulose,-21.09559377,2.526769387,NA,NA,,Ahtanum_summer_2018,Ahtanum,summer,2018
E2,NSi,1,0,1,cellulose,-28.08418073,3.928883418,NA,NA,,Ahtanum_summer_2018,Ahtanum,summer,2018
E4,NSi,1,0,1,glass,-14.53711585,3.598623004,1.801009415,4.642400054,,Ahtanum_summer_2018,Ahtanum,summer,2018
E6,NSi,1,0,1,glass,-13.02488535,0.082505338,1.87231946,4.826213504,,Ahtanum_summer_2018,Ahtanum,summer,2018
F8,NSi,1,0,1,cellulose,NA,NA,NA,NA,eaten completely,Ahtanum_summer_2018,Ahtanum,summer,2018
G3,NSi,1,0,1,glass,-17.8623045,7.744451163,1.688886331,4.353384234,,Ahtanum_summer_2018,Ahtanum,summer,2018
G6,NSi,1,0,1,glass,-16.42884694,2.542008746,1.279365856,3.297777384,,Ahtanum_summer_2018,Ahtanum,summer,2018
I1,NSi,1,0,1,glass,-13.0936231,6.696200477,1.327609374,3.422133042,,Ahtanum_summer_2018,Ahtanum,summer,2018
I6,NSi,1,0,1,cellulose,-17.98725242,0.006364752,NA,NA,,Ahtanum_summer_2018,Ahtanum,summer,2018
B1,NSi,1,0,1,cellulose,-5.86117618,0,,NA,,Ahtanum_fall_2018,Ahtanum,fall,2018
C6,NSi,1,0,1,cellulose,-13.9005659,0,,NA,,Ahtanum_fall_2018,Ahtanum,fall,2018
E2,NSi,1,0,1,cellulose,-15.33209091,5.634973433,,NA,,Ahtanum_fall_2018,Ahtanum,fall,2018
E4,NSi,1,0,1,glass,-9.358798694,4.352421922,0.064886001,0.167254377,,Ahtanum_fall_2018,Ahtanum,fall,2018
E6,NSi,1,0,1,glass,-13.17513715,6.73374668,0.051778607,0.133467906,,Ahtanum_fall_2018,Ahtanum,fall,2018
F8,NSi,1,0,1,cellulose,-13.41929936,0.83001863,,NA,,Ahtanum_fall_2018,Ahtanum,fall,2018
G3,NSi,1,0,1,glass,-14.91541617,5.712801619,,0,,Ahtanum_fall_2018,Ahtanum,fall,2018
G6,NSi,1,0,1,glass,-11.45024923,5.324988684,0.003117768,0.008036561,,Ahtanum_fall_2018,Ahtanum,fall,2018
I1,NSi,1,0,1,glass,-13.40712705,4.885479279,0.129666343,0.334236401,,Ahtanum_fall_2018,Ahtanum,fall,2018
I6,NSi,1,0,1,cellulose,-16.18958049,4.853581095,,NA,,Ahtanum_fall_2018,Ahtanum,fall,2018
U7,NSi,1,0,1,sponge,-0.381495142,0,0,NA,NA,Reecer_fall_2018,Reecer,fall,2018
V5,NSi,1,0,1,sponge,-4.617428294,1.951768564,0,NA,NA,Reecer_fall_2018,Reecer,fall,2018
W1,NSi,1,0,1,sponge,-2.292296705,0.446937588,0,NA,NA,Reecer_fall_2018,Reecer,fall,2018
W3,NSi,1,0,1,sponge,-4.007783005,1.2519427,0,NA,NA,Reecer_fall_2018,Reecer,fall,2018
X5,NSi,1,0,1,sponge,-4.807300985,0,0,NA,NA,Reecer_fall_2018,Reecer,fall,2018
X8,NSi,1,0,1,sponge,-6.297503601,1.160691546,0,NA,NA,Reecer_fall_2018,Reecer,fall,2018
Y6,NSi,1,0,1,glass,-0.137801241,0.571167812,0.022140972,NA,NA,Reecer_fall_2018,Reecer,fall,2018
Y7,NSi,1,0,1,glass,0,0.787078863,NA,NA,NA,Reecer_fall_2018,Reecer,fall,2018
AA2,NSi,1,0,1,glass,-0.275846162,1.897913149,NA,NA,NA,Reecer_fall_2018,Reecer,fall,2018
BB3,NSi,1,0,1,glass,-0.487179433,0.940799091,0.057104869,NA,NA,Reecer_fall_2018,Reecer,fall,2018
DD2,NSi,1,0,1,glass,-1.581870867,1.298405472,0.134560686,NA,NA,Reecer_fall_2018,Reecer,fall,2018
V3,NSi,1,0,1,sponge,-12.15051567,0,0,NA,NA,Reecer_summer_2018,Reecer,summer,2018
W3,NSi,1,0,1,sponge,-14.96546852,2.303834594,0,NA,NA,Reecer_summer_2018,Reecer,summer,2018
W5,NSi,1,0,1,sponge,-13.50608757,0,0,NA,NA,Reecer_summer_2018,Reecer,summer,2018
W8,NSi,1,0,1,sponge,-13.43792546,0,0,NA,NA,Reecer_summer_2018,Reecer,summer,2018
X8,NSi,1,0,1,glass,-5.56043458,3.925851717,0.000594784,NA,NA,Reecer_summer_2018,Reecer,summer,2018
Z4,NSi,1,0,1,glass,-4.379791855,5.676735996,0,NA,NA,Reecer_summer_2018,Reecer,summer,2018
Z7,NSi,1,0,1,sponge,-16.79951153,3.502319427,0,NA,NA,Reecer_summer_2018,Reecer,summer,2018
Z8,NSi,1,0,1,glass,-2.77158388,2.911980862,0,NA,NA,Reecer_summer_2018,Reecer,summer,2018
AA4,NSi,1,0,1,glass,-9.983940171,8.625537122,0.001319986,NA,NA,Reecer_summer_2018,Reecer,summer,2018
AA5,NSi,1,0,1,glass,NA,NA,NA,NA,NA,Reecer_summer_2018,Reecer,summer,2018
BB1,NSi,1,0,1,sponge,-11.89600641,2.246752696,0,NA,NA,Reecer_summer_2018,Reecer,summer,2018
AA4,NSi,1,0,1,cellulose,-15.76524285,0,NA,NA,,Satus_summer_2018,Satus,summer,2018
AA7,NSi,1,0,1,glass,-15.79109786,2.86504814,0.216947125,0.559217146,,Satus_summer_2018,Satus,summer,2018
AB5,NSi,1,0,1,cellulose,-24.34198492,1.936760969,NA,NA,,Satus_summer_2018,Satus,summer,2018
AC1,NSi,1,0,1,cellulose,-20.88709792,4.562303448,NA,NA,,Satus_summer_2018,Satus,summer,2018
AD6,NSi,1,0,1,glass,-14.25124159,2.382529984,0.301495734,0.777155188,,Satus_summer_2018,Satus,summer,2018
U8,NSi,1,0,1,glass,-9.815696009,0,0.159425918,0.410946708,,Satus_summer_2018,Satus,summer,2018
V1,NSi,1,0,1,glass,-6.999972403,0,0.522649811,1.347216451,,Satus_summer_2018,Satus,summer,2018
X2,NSi,1,0,1,cellulose,-15.28653352,0,NA,NA,sponge very thin,Satus_summer_2018,Satus,summer,2018
Y8,NSi,1,0,1,glass,-12.71834461,4.713550441,0.936758034,2.41464898,,Satus_summer_2018,Satus,summer,2018
Z3,NSi,1,0,1,cellulose,-20.6709906,0,NA,NA,,Satus_summer_2018,Satus,summer,2018
K7,NSi,1,0,1,cellulose,-21.01268139,0.478816724,NA,NA,thin,Toppenish_summer_2018,Toppenish,summer,2018
L6,NSi,1,0,1,glass,-17.14912786,8.103244466,1.512825911,3.899559342,,Toppenish_summer_2018,Toppenish,summer,2018
M3,NSi,1,0,1,glass,-13.41660306,6.636082667,0.409723711,1.056130725,,Toppenish_summer_2018,Toppenish,summer,2018
O4,NSi,1,0,1,cellulose,-27.48131585,0.039773329,NA,NA,,Toppenish_summer_2018,Toppenish,summer,2018
O7,NSi,1,0,1,glass,-17.60800411,9.240070108,1.60439051,4.135582262,,Toppenish_summer_2018,Toppenish,summer,2018
Q3,NSi,1,0,1,cellulose,-21.21665486,0,NA,NA,sparse growth,Toppenish_summer_2018,Toppenish,summer,2018
Q4,NSi,1,0,1,cellulose,-21.85845797,5.341134956,NA,NA,,Toppenish_summer_2018,Toppenish,summer,2018
R6,NSi,1,0,1,glass,-18.20156252,4.068580214,0.92827518,2.392783018,,Toppenish_summer_2018,Toppenish,summer,2018
T1,NSi,1,0,1,glass,-19.40006942,2.486182467,2.038767685,5.255261371,,Toppenish_summer_2018,Toppenish,summer,2018
T5,NSi,1,0,1,cellulose,-38.91523962,13.08384204,NA,NA,,Toppenish_summer_2018,Toppenish,summer,2018
A6,NSi,1,0,1,glass,-5.691341673,1.833998644,0,NA,NA,Wenas_fall_2018,Wenas,fall,2018
B1,NSi,1,0,1,sponge,0,2.538071164,0,NA,NA,Wenas_fall_2018,Wenas,fall,2018
B5,NSi,1,0,1,sponge,-8.294944054,0.208688275,0.000737301,NA,NA,Wenas_fall_2018,Wenas,fall,2018
B7,NSi,1,0,1,glass,-0.536010431,3.730832429,0.001282102,NA,NA,Wenas_fall_2018,Wenas,fall,2018
C5,NSi,1,0,1,sponge,-3.671956799,0.197727384,0,NA,NA,Wenas_fall_2018,Wenas,fall,2018
D2,NSi,1,0,1,sponge,0,0.315119018,0,NA,NA,Wenas_fall_2018,Wenas,fall,2018
G2,NSi,1,0,1,sponge,0,3.291074495,0.000361545,NA,NA,Wenas_fall_2018,Wenas,fall,2018
H5,NSi,1,0,1,sponge,-0.685097918,1.68948732,0.000489037,NA,NA,Wenas_fall_2018,Wenas,fall,2018
I1,NSi,1,0,1,glass,0,2.987128324,0.000167873,NA,NA,Wenas_fall_2018,Wenas,fall,2018
J3,NSi,1,0,1,glass,-0.06098348,0,0,NA,NA,Wenas_fall_2018,Wenas,fall,2018
A3,NSi,1,0,1,sponge,-3.497632471,0,0,NA,NA,Wenas_summer_2018,Wenas,summer,2018
A8,NSi,1,0,1,sponge,-8.506416226,0,0,NA,NA,Wenas_summer_2018,Wenas,summer,2018
C5,NSi,1,0,1,glass,-2.374974043,0.926548603,0.531479828,NA,NA,Wenas_summer_2018,Wenas,summer,2018
C7,NSi,1,0,1,glass,-2.331794872,0,0.224477275,NA,NA,Wenas_summer_2018,Wenas,summer,2018
D8,NSi,1,0,1,glass,0,0.051502898,0.406611825,NA,NA,Wenas_summer_2018,Wenas,summer,2018
G7,NSi,1,0,1,glass,-4.999954381,1.242438963,0.555046465,NA,NA,Wenas_summer_2018,Wenas,summer,2018
H5,NSi,1,0,1,sponge,-3.136906485,0.873483827,0,NA,NA,Wenas_summer_2018,Wenas,summer,2018
J1,NSi,1,0,1,sponge,0,0.901061477,0,NA,NA,Wenas_summer_2018,Wenas,summer,2018
J6,NSi,1,0,1,sponge,0,1.325890764,0,NA,NA,Wenas_summer_2018,Wenas,summer,2018
J8,NSi,1,0,1,glass,-3.404613513,0.083944083,0.482746917,NA,NA,Wenas_summer_2018,Wenas,summer,2018
A2,P,0,1,0,cellulose,-16.56778567,0,NA,NA,,Ahtanum_summer_2018,Ahtanum,summer,2018
A5,P,0,1,0,cellulose,-22.1969525,0,NA,NA,,Ahtanum_summer_2018,Ahtanum,summer,2018
C1,P,0,1,0,glass,-15.06800528,1.357673332,1.304947189,3.363717506,,Ahtanum_summer_2018,Ahtanum,summer,2018
C5,P,0,1,0,glass,-15.54800907,7.452670898,1.359115565,3.503345468,,Ahtanum_summer_2018,Ahtanum,summer,2018
C7,P,0,1,0,glass,-18.32180142,7.653540654,1.323630904,3.411877876,,Ahtanum_summer_2018,Ahtanum,summer,2018
D4,P,0,1,0,cellulose,-21.07111913,0,NA,NA,,Ahtanum_summer_2018,Ahtanum,summer,2018
E8,P,0,1,0,glass,-14.31705246,1.328493615,1.668828531,4.301681933,,Ahtanum_summer_2018,Ahtanum,summer,2018
I3,P,0,1,0,cellulose,-29.28569211,4.939383601,NA,NA,,Ahtanum_summer_2018,Ahtanum,summer,2018
I5,P,0,1,0,glass,-13.15806474,2.710116314,1.266256863,3.263986782,,Ahtanum_summer_2018,Ahtanum,summer,2018
J8,P,0,1,0,cellulose,-14.76910576,0,NA,NA,,Ahtanum_summer_2018,Ahtanum,summer,2018
A2,P,0,1,0,cellulose,-14.22761113,0,,NA,,Ahtanum_fall_2018,Ahtanum,fall,2018
A5,P,0,1,0,cellulose,-11.31099131,0,,NA,,Ahtanum_fall_2018,Ahtanum,fall,2018
C1,P,0,1,0,glass,-13.28831105,0,0.456615357,1.177001445,,Ahtanum_fall_2018,Ahtanum,fall,2018
C5,P,0,1,0,glass,-15.99952219,0,0.634822484,1.636359729,,Ahtanum_fall_2018,Ahtanum,fall,2018
C7,P,0,1,0,glass,-15.59446045,0,0.121097109,0.312147785,final GPP may be off because probe slipped,Ahtanum_fall_2018,Ahtanum,fall,2018
D4,P,0,1,0,cellulose,-19.50427145,10.42006557,,NA,,Ahtanum_fall_2018,Ahtanum,fall,2018
E8,P,0,1,0,glass,-11.90501889,5.073468624,0.257054726,0.662600984,,Ahtanum_fall_2018,Ahtanum,fall,2018
I3,P,0,1,0,cellulose,-17.6858155,5.198394336,,NA,,Ahtanum_fall_2018,Ahtanum,fall,2018
I5,P,0,1,0,glass,-18.70228783,9.173477879,0.507253343,1.307529211,,Ahtanum_fall_2018,Ahtanum,fall,2018
J8,P,0,1,0,cellulose,-21.14525481,3.517928591,,NA,,Ahtanum_fall_2018,Ahtanum,fall,2018
U6,P,0,1,0,sponge,-8.320705256,0.94027506,0,NA,NA,Reecer_fall_2018,Reecer,fall,2018
W7,P,0,1,0,sponge,-6.259358774,2.986929729,0,NA,NA,Reecer_fall_2018,Reecer,fall,2018
Z1,P,0,1,0,glass,-0.137801241,0.277218574,0.054480121,NA,NA,Reecer_fall_2018,Reecer,fall,2018
Z2,P,0,1,0,sponge,-10.4240804,1.992267625,0,NA,NA,Reecer_fall_2018,Reecer,fall,2018
Z6,P,0,1,0,glass,-0.635917706,1.519478591,0.057813692,NA,NA,Reecer_fall_2018,Reecer,fall,2018
BB4,P,0,1,0,sponge,-12.12533971,3.729918271,0,NA,NA,Reecer_fall_2018,Reecer,fall,2018
BB8,P,0,1,0,glass,-0.989824229,0.573277565,0.138689635,NA,NA,Reecer_fall_2018,Reecer,fall,2018
CC1,P,0,1,0,glass,-1.995113821,0.119457895,0.234340902,NA,NA,Reecer_fall_2018,Reecer,fall,2018
CC8,P,0,1,0,glass,-1.8017889,0.908553143,0.42544225,NA,NA,Reecer_fall_2018,Reecer,fall,2018
DD8,P,0,1,0,sponge,-10.74249792,2.018253855,0,NA,NA,Reecer_fall_2018,Reecer,fall,2018
U8,P,0,1,0,glass,NA,NA,NA,NA,NA,Reecer_summer_2018,Reecer,summer,2018
V2,P,0,1,0,glass,-1.385485007,4.824104554,0.000377921,NA,NA,Reecer_summer_2018,Reecer,summer,2018
X2,P,0,1,0,sponge,-9.792369795,0.027861397,0,NA,NA,Reecer_summer_2018,Reecer,summer,2018
X6,P,0,1,0,sponge,-10.08401425,1.268030397,0,NA,NA,Reecer_summer_2018,Reecer,summer,2018
Y5,P,0,1,0,glass,-3.495322122,3.739141658,0.000223037,NA,NA,Reecer_summer_2018,Reecer,summer,2018
Z2,P,0,1,0,glass,-2.572606183,5.206348433,0,NA,NA,Reecer_summer_2018,Reecer,summer,2018
BB5,P,0,1,0,glass,-4.818211622,3.227011604,0.000376337,NA,NA,Reecer_summer_2018,Reecer,summer,2018
CC8,P,0,1,0,sponge,-18.4878253,6.19749471,0,NA,NA,Reecer_summer_2018,Reecer,summer,2018
DD4,P,0,1,0,sponge,-11.96864283,4.915466627,0,NA,NA,Reecer_summer_2018,Reecer,summer,2018
DD7,P,0,1,0,sponge,-15.36201753,4.907019377,0,NA,NA,Reecer_summer_2018,Reecer,summer,2018
AA2,P,0,1,0,cellulose,NA,NA,NA,NA,,Satus_summer_2018,Satus,summer,2018
AC8,P,0,1,0,glass,-16.94122855,27.69866916,0.545495772,1.406105697,,Satus_summer_2018,Satus,summer,2018
U3,P,0,1,0,glass,-3.862404003,0,0.14664325,0.377997263,,Satus_summer_2018,Satus,summer,2018
U5,P,0,1,0,cellulose,-15.92461141,0,NA,NA,,Satus_summer_2018,Satus,summer,2018
U7,P,0,1,0,cellulose,-20.86309305,0,NA,NA,,Satus_summer_2018,Satus,summer,2018
V2,P,0,1,0,glass,-5.747141066,0,0.426615837,1.099672977,,Satus_summer_2018,Satus,summer,2018
V3,P,0,1,0,cellulose,-19.67871337,0,NA,NA,,Satus_summer_2018,Satus,summer,2018
W7,P,0,1,0,glass,-8.985788459,4.297112174,0.933963475,2.407445542,,Satus_summer_2018,Satus,summer,2018
X5,P,0,1,0,cellulose,-19.74049993,8.024094297,NA,NA,,Satus_summer_2018,Satus,summer,2018
Z2,P,0,1,0,glass,-13.59399279,4.31503263,0.782679773,2.017486742,,Satus_summer_2018,Satus,summer,2018
AA2,P,0,1,0,cellulose,-17.73452869,1.867410746,,NA,,Satus_fall_2018,Satus,fall,2018
U5,P,0,1,0,cellulose,-14.7716677,0,,NA,tube not fully filled,Satus_fall_2018,Satus,fall,2018
U7,P,0,1,0,cellulose,-15.45223629,0,,NA,,Satus_fall_2018,Satus,fall,2018
V3,P,0,1,0,cellulose,-10.72987949,0,,NA,,Satus_fall_2018,Satus,fall,2018
X5,P,0,1,0,cellulose,-13.473531,0,,NA,,Satus_fall_2018,Satus,fall,2018
AC8,P,0,1,0,glass,-18.56912152,6.462115157,0.034123456,0.087958841,,Satus_fall_2018,Satus,fall,2018
U3,P,0,1,0,glass,-12.61471393,0.057299487,0,0,,Satus_fall_2018,Satus,fall,2018
V2,P,0,1,0,glass,-12.03750095,3.872056912,0.065532253,0.168920197,,Satus_fall_2018,Satus,fall,2018
W7,P,0,1,0,glass,-15.61064638,0,0,0,,Satus_fall_2018,Satus,fall,2018
Z2,P,0,1,0,glass,-15.33380174,2.02983598,0.017327309,0.044663998,,Satus_fall_2018,Satus,fall,2018
L3,P,0,1,0,cellulose,-20.49470778,17.21512977,NA,NA,,Toppenish_summer_2018,Toppenish,summer,2018
N3,P,0,1,0,cellulose,-18.2541627,12.78950163,NA,NA,,Toppenish_summer_2018,Toppenish,summer,2018
N8,P,0,1,0,glass,-10.79290769,5.276045009,0.312125296,0.804554645,,Toppenish_summer_2018,Toppenish,summer,2018
P7,P,0,1,0,glass,-11.52938358,2.775382915,0.531452592,1.369907077,sparse growth,Toppenish_summer_2018,Toppenish,summer,2018
P8,P,0,1,0,cellulose,-21.47180812,3.210770134,NA,NA,,Toppenish_summer_2018,Toppenish,summer,2018
S1,P,0,1,0,cellulose,-23.60390583,16.77761415,NA,NA,,Toppenish_summer_2018,Toppenish,summer,2018
S5,P,0,1,0,glass,-17.8072309,4.328579089,1.297185952,3.343711632,,Toppenish_summer_2018,Toppenish,summer,2018
T3,P,0,1,0,cellulose,-26.92595948,3.577822576,NA,NA,,Toppenish_summer_2018,Toppenish,summer,2018
T4,P,0,1,0,glass,-19.10936265,2.359058327,1.769147923,4.56027178,,Toppenish_summer_2018,Toppenish,summer,2018
T7,P,0,1,0,glass,-12.60001582,2.992819499,0.988374996,2.547700247,,Toppenish_summer_2018,Toppenish,summer,2018
B2,P,0,1,0,sponge,0,2.230205202,0.000578019,NA,NA,Wenas_fall_2018,Wenas,fall,2018
C8,P,0,1,0,glass,-0.683305609,1.370352736,0.000521585,NA,NA,Wenas_fall_2018,Wenas,fall,2018
E5,P,0,1,0,glass,-4.439332657,1.283369054,0,NA,NA,Wenas_fall_2018,Wenas,fall,2018
F7,P,0,1,0,sponge,-4.940875956,2.028306313,0,NA,NA,Wenas_fall_2018,Wenas,fall,2018
G1,P,0,1,0,sponge,-3.380769165,0.346099572,0,NA,NA,Wenas_fall_2018,Wenas,fall,2018
H7,P,0,1,0,glass,-5.835184621,1.310352966,0,NA,NA,Wenas_fall_2018,Wenas,fall,2018
I6,P,0,1,0,glass,-0.718288214,2.063778914,0.000565045,NA,NA,Wenas_fall_2018,Wenas,fall,2018
I8,P,0,1,0,glass,-5.590076238,1.693401867,0.000950446,NA,NA,Wenas_fall_2018,Wenas,fall,2018
J5,P,0,1,0,glass,-1.143603041,0.245253257,9.53E-05,NA,NA,Wenas_fall_2018,Wenas,fall,2018
J6,P,0,1,0,glass,-2.806197367,0.519689236,0,NA,NA,Wenas_fall_2018,Wenas,fall,2018
A6,P,0,1,0,glass,-3.679290293,2.08858782,0.021363736,NA,NA,Wenas_summer_2018,Wenas,summer,2018
B3,P,0,1,0,sponge,-4.102140855,1.918905758,0,NA,NA,Wenas_summer_2018,Wenas,summer,2018
B7,P,0,1,0,glass,-2.202257362,0.918726708,0.01710924,NA,NA,Wenas_summer_2018,Wenas,summer,2018
C6,P,0,1,0,glass,-3.400919941,1.597057318,0,NA,NA,Wenas_summer_2018,Wenas,summer,2018
E5,P,0,1,0,glass,-3.511431999,1.41544097,0.013363312,NA,NA,Wenas_summer_2018,Wenas,summer,2018
G1,P,0,1,0,sponge,-7.115509999,3.817611381,0,NA,NA,Wenas_summer_2018,Wenas,summer,2018
G2,P,0,1,0,sponge,-5.75082053,2.170589807,0,NA,NA,Wenas_summer_2018,Wenas,summer,2018
G3,P,0,1,0,glass,-4.559213627,1.774257514,0.002058316,NA,NA,Wenas_summer_2018,Wenas,summer,2018
H8,P,0,1,0,sponge,-4.9090516,0.705371582,0,NA,NA,Wenas_summer_2018,Wenas,summer,2018
I3,P,0,1,0,sponge,-7.311189664,2.735064754,0,NA,NA,Wenas_summer_2018,Wenas,summer,2018
AB2,PSi,0,1,1,cellulose,-18.03199117,0,,NA,,Satus_fall_2018,Satus,fall,2018
AB4,PSi,0,1,1,cellulose,-17.11971166,0,,NA,,Satus_fall_2018,Satus,fall,2018
AD7,PSi,0,1,1,cellulose,-19.21316968,1.700005388,,NA,,Satus_fall_2018,Satus,fall,2018
W5,PSi,0,1,1,cellulose,-15.81549451,0,,NA,,Satus_fall_2018,Satus,fall,2018
Z8,PSi,0,1,1,cellulose,-17.83325935,6.236792351,,NA,,Satus_fall_2018,Satus,fall,2018
AD4,PSi,0,1,1,glass,-18.66958005,9.340504108,0.010508073,0.027086292,,Satus_fall_2018,Satus,fall,2018
U2,PSi,0,1,1,glass,-10.15396386,4.484052368,0.031845579,0.082087236,,Satus_fall_2018,Satus,fall,2018
U6,PSi,0,1,1,glass,-11.57318816,2.296161228,0.102568558,0.264387388,,Satus_fall_2018,Satus,fall,2018
V4,PSi,0,1,1,glass,-12.06788058,0.860270018,0.015759668,0.040623146,,Satus_fall_2018,Satus,fall,2018
Y1,PSi,0,1,1,glass,-12.78962695,0,0.176369232,0.454620805,,Satus_fall_2018,Satus,fall,2018
A3,PSi,0,1,1,glass,-15.46432287,7.756586888,1.042890492,2.688222969,,Ahtanum_summer_2018,Ahtanum,summer,2018
B8,PSi,0,1,1,glass,-16.92698012,3.635677558,1.13175971,2.917298096,,Ahtanum_summer_2018,Ahtanum,summer,2018
D3,PSi,0,1,1,cellulose,-30.47854568,6.976351298,NA,NA,,Ahtanum_summer_2018,Ahtanum,summer,2018
F1,PSi,0,1,1,cellulose,NA,NA,NA,NA,eaten completely,Ahtanum_summer_2018,Ahtanum,summer,2018
H2,PSi,0,1,1,cellulose,-21.32939862,0.862217811,NA,NA,,Ahtanum_summer_2018,Ahtanum,summer,2018
H4,PSi,0,1,1,glass,-16.03924557,2.689578203,1.46896717,3.786506174,,Ahtanum_summer_2018,Ahtanum,summer,2018
H8,PSi,0,1,1,glass,-15.56469353,5.27700212,1.143126219,2.946597156,,Ahtanum_summer_2018,Ahtanum,summer,2018
I4,PSi,0,1,1,glass,-16.8054616,6.565071993,1.221171203,3.147771028,,Ahtanum_summer_2018,Ahtanum,summer,2018
I8,PSi,0,1,1,cellulose,-18.6282836,0,NA,NA,,Ahtanum_summer_2018,Ahtanum,summer,2018
J7,PSi,0,1,1,cellulose,-21.10357094,6.974415008,NA,NA,,Ahtanum_summer_2018,Ahtanum,summer,2018
A3,PSi,0,1,1,glass,-13.43465128,0,0.123723706,0.318918273,,Ahtanum_fall_2018,Ahtanum,fall,2018
B8,PSi,0,1,1,glass,-10.58674047,0,0,0,,Ahtanum_fall_2018,Ahtanum,fall,2018
D3,PSi,0,1,1,cellulose,-13.65853462,0,,NA,bit of biofilm fell off during GPP to CR transition,Ahtanum_fall_2018,Ahtanum,fall,2018
F1,PSi,0,1,1,cellulose,-16.21642947,2.08055934,,NA,,Ahtanum_fall_2018,Ahtanum,fall,2018
H2,PSi,0,1,1,cellulose,-19.16786138,5.12722372,,NA,,Ahtanum_fall_2018,Ahtanum,fall,2018
H4,PSi,0,1,1,glass,-16.72642059,8.357051883,0.413207712,1.065111077,,Ahtanum_fall_2018,Ahtanum,fall,2018
H8,PSi,0,1,1,glass,-18.12425514,6.420441962,0.268813629,0.692911497,,Ahtanum_fall_2018,Ahtanum,fall,2018
I4,PSi,0,1,1,glass,-20.60552313,9.335491403,0,0,,Ahtanum_fall_2018,Ahtanum,fall,2018
I8,PSi,0,1,1,cellulose,-19.60211676,3.266937491,,NA,,Ahtanum_fall_2018,Ahtanum,fall,2018
J7,PSi,0,1,1,cellulose,-17.65192514,2.586018749,,NA,,Ahtanum_fall_2018,Ahtanum,fall,2018
V1,PSi,0,1,1,glass,-0.781999938,0.181228114,0.026057041,NA,NA,Reecer_fall_2018,Reecer,fall,2018
V4,PSi,0,1,1,sponge,-7.047798737,2.217810857,0,NA,NA,Reecer_fall_2018,Reecer,fall,2018
W4,PSi,0,1,1,glass,-0.406017799,1.525388641,0.193196447,NA,NA,Reecer_fall_2018,Reecer,fall,2018
X4,PSi,0,1,1,sponge,-3.741800154,1.032577033,0,NA,NA,Reecer_fall_2018,Reecer,fall,2018
Y8,PSi,0,1,1,glass,-0.927540363,0.512658942,0.020791168,NA,NA,Reecer_fall_2018,Reecer,fall,2018
Z8,PSi,0,1,1,glass,-1.453804041,2.039033886,0.289491034,NA,NA,Reecer_fall_2018,Reecer,fall,2018
BB1,PSi,0,1,1,sponge,-13.36544405,4.3468507,0,NA,NA,Reecer_fall_2018,Reecer,fall,2018
CC2,PSi,0,1,1,sponge,-8.60682614,0,0,NA,NA,Reecer_fall_2018,Reecer,fall,2018
CC3,PSi,0,1,1,glass,-2.613753571,0,0.878864061,NA,NA,Reecer_fall_2018,Reecer,fall,2018
DD7,PSi,0,1,1,sponge,-9.125916676,1.608239497,0,NA,NA,Reecer_fall_2018,Reecer,fall,2018
U2,PSi,0,1,1,sponge,-11.74725659,0,0,NA,NA,Reecer_summer_2018,Reecer,summer,2018
U4,PSi,0,1,1,sponge,-11.88982022,0,0,NA,NA,Reecer_summer_2018,Reecer,summer,2018
Y6,PSi,0,1,1,sponge,-11.41930499,0.402967894,0,NA,NA,Reecer_summer_2018,Reecer,summer,2018
Z5,PSi,0,1,1,glass,-4.930199279,4.934519925,0,NA,NA,Reecer_summer_2018,Reecer,summer,2018
BB3,PSi,0,1,1,glass,-6.409696803,3.590244765,0.000351492,NA,NA,Reecer_summer_2018,Reecer,summer,2018
BB4,PSi,0,1,1,sponge,-11.44300837,3.110969578,0,NA,NA,Reecer_summer_2018,Reecer,summer,2018
BB7,PSi,0,1,1,sponge,-8.77535324,3.768335273,0,NA,NA,Reecer_summer_2018,Reecer,summer,2018
CC2,PSi,0,1,1,glass,-5.27390608,3.935954075,0.000272681,NA,NA,Reecer_summer_2018,Reecer,summer,2018
DD3,PSi,0,1,1,glass,-8.810616561,6.802602883,0.000114423,NA,NA,Reecer_summer_2018,Reecer,summer,2018
DD5,PSi,0,1,1,glass,-13.61976402,9.573009045,0.000148212,NA,NA,Reecer_summer_2018,Reecer,summer,2018
AB2,PSi,0,1,1,cellulose,-21.27349119,0,NA,NA,,Satus_summer_2018,Satus,summer,2018
AB4,PSi,0,1,1,cellulose,-29.71769799,4.571200844,NA,NA,,Satus_summer_2018,Satus,summer,2018
AD4,PSi,0,1,1,glass,-15.29484857,6.233253615,0.733358285,1.890352438,,Satus_summer_2018,Satus,summer,2018
AD7,PSi,0,1,1,cellulose,-25.10509621,3.015640682,NA,NA,,Satus_summer_2018,Satus,summer,2018
U2,PSi,0,1,1,glass,-3.03090516,0,0.139363319,0.359232037,,Satus_summer_2018,Satus,summer,2018
U6,PSi,0,1,1,glass,-7.515814723,2.05141801,0.094771947,0.244290388,,Satus_summer_2018,Satus,summer,2018
V4,PSi,0,1,1,glass,-8.512106062,2.182550872,0.925259871,2.385010561,,Satus_summer_2018,Satus,summer,2018
W5,PSi,0,1,1,cellulose,-13.07904394,0,NA,NA,sponge falling apart but all SA there,Satus_summer_2018,Satus,summer,2018
Y1,PSi,0,1,1,glass,-10.70820282,3.208269363,0.485994218,1.252730589,,Satus_summer_2018,Satus,summer,2018
Z8,PSi,0,1,1,cellulose,-34.03673287,27.5874883,NA,NA,,Satus_summer_2018,Satus,summer,2018
K6,PSi,0,1,1,cellulose,-20.4718186,3.849838492,NA,NA,,Toppenish_summer_2018,Toppenish,summer,2018
L2,PSi,0,1,1,cellulose,-20.89376018,20.41952022,NA,NA,,Toppenish_summer_2018,Toppenish,summer,2018
L4,PSi,0,1,1,glass,-13.60167437,8.30578903,0.995299807,2.565550097,,Toppenish_summer_2018,Toppenish,summer,2018
L5,PSi,0,1,1,cellulose,-20.57447039,1.145901503,NA,NA,,Toppenish_summer_2018,Toppenish,summer,2018
O5,PSi,0,1,1,cellulose,-26.21803599,0,NA,NA,,Toppenish_summer_2018,Toppenish,summer,2018
P4,PSi,0,1,1,cellulose,-18.99370313,2.616003676,NA,NA,sparse growth,Toppenish_summer_2018,Toppenish,summer,2018
R1,PSi,0,1,1,glass,-18.32337369,6.114434643,0.513450321,1.323503241,,Toppenish_summer_2018,Toppenish,summer,2018
R5,PSi,0,1,1,glass,-13.20607755,5.708921201,0.267890641,0.690532496,sparse growth,Toppenish_summer_2018,Toppenish,summer,2018
R7,PSi,0,1,1,glass,-15.0469095,0.532234394,0.592694546,1.527768356,,Toppenish_summer_2018,Toppenish,summer,2018
S4,PSi,0,1,1,glass,-15.77923967,0.610234057,1.485282078,3.82856055,,Toppenish_summer_2018,Toppenish,summer,2018
A1,PSi,0,1,1,sponge,-3.73968056,0.633504919,0.000418548,NA,NA,Wenas_fall_2018,Wenas,fall,2018
C6,PSi,0,1,1,sponge,-3.297795025,0,0,NA,NA,Wenas_fall_2018,Wenas,fall,2018
D3,PSi,0,1,1,sponge,-4.476156452,0.820077833,0,NA,NA,Wenas_fall_2018,Wenas,fall,2018
D4,PSi,0,1,1,glass,-5.640074063,1.194751434,0,NA,NA,Wenas_fall_2018,Wenas,fall,2018
D5,PSi,0,1,1,sponge,-1.01471976,0,0.000680419,NA,NA,Wenas_fall_2018,Wenas,fall,2018
D7,PSi,0,1,1,glass,-2.969262736,0,0,NA,NA,Wenas_fall_2018,Wenas,fall,2018
E4,PSi,0,1,1,glass,-1.452922916,0,0,NA,NA,Wenas_fall_2018,Wenas,fall,2018
E8,PSi,0,1,1,glass,-0.793776993,0,0.000560928,NA,NA,Wenas_fall_2018,Wenas,fall,2018
H2,PSi,0,1,1,glass,-1.585243084,1.973088999,0.001191998,NA,NA,Wenas_fall_2018,Wenas,fall,2018
H4,PSi,0,1,1,sponge,-2.001106471,0.533386243,0.000695478,NA,NA,Wenas_fall_2018,Wenas,fall,2018
C1,PSi,0,1,1,glass,-4.879365921,1.808363492,0.020662495,NA,NA,Wenas_summer_2018,Wenas,summer,2018
D1,PSi,0,1,1,sponge,-6.487623941,1.99172865,0,NA,NA,Wenas_summer_2018,Wenas,summer,2018
D3,PSi,0,1,1,glass,-4.001168026,0.512715766,0.005194859,NA,NA,Wenas_summer_2018,Wenas,summer,2018
E6,PSi,0,1,1,glass,-4.917230731,1.599822761,0.014483506,NA,NA,Wenas_summer_2018,Wenas,summer,2018
E8,PSi,0,1,1,sponge,-10.30769986,1.14493939,0,NA,NA,Wenas_summer_2018,Wenas,summer,2018
F2,PSi,0,1,1,sponge,-9.054769317,3.27939329,0,NA,NA,Wenas_summer_2018,Wenas,summer,2018
I2,PSi,0,1,1,glass,-5.75082053,1.442599476,0.024193346,NA,NA,Wenas_summer_2018,Wenas,summer,2018
I4,PSi,0,1,1,glass,-5.796979807,1.773440168,0.013809149,NA,NA,Wenas_summer_2018,Wenas,summer,2018
I6,PSi,0,1,1,sponge,-9.315290946,4.007549424,0,NA,NA,Wenas_summer_2018,Wenas,summer,2018
J2,PSi,0,1,1,sponge,-10.36539314,3.340112312,0,NA,NA,Wenas_summer_2018,Wenas,summer,2018
A1,Si,0,0,1,cellulose,-7.082205834,0,NA,NA,,Ahtanum_summer_2018,Ahtanum,summer,2018
A7,Si,0,0,1,cellulose,-11.67684777,0,NA,NA,,Ahtanum_summer_2018,Ahtanum,summer,2018
D8,Si,0,0,1,cellulose,NA,NA,NA,NA,eaten completely,Ahtanum_summer_2018,Ahtanum,summer,2018
E3,Si,0,0,1,glass,-15.48225991,4.641165899,1.446479528,3.728540551,,Ahtanum_summer_2018,Ahtanum,summer,2018
E5,Si,0,0,1,cellulose,-12.66657701,0,NA,NA,,Ahtanum_summer_2018,Ahtanum,summer,2018
E7,Si,0,0,1,glass,-13.61877438,0.18564649,1.861502741,4.798331619,,Ahtanum_summer_2018,Ahtanum,summer,2018
G8,Si,0,0,1,glass,-5.940601005,0,1.683257222,4.338874273,,Ahtanum_summer_2018,Ahtanum,summer,2018
J1,Si,0,0,1,cellulose,-5.36062624,0,NA,NA,,Ahtanum_summer_2018,Ahtanum,summer,2018
J2,Si,0,0,1,glass,-8.90491647,0.628690368,1.889877033,4.871471057,,Ahtanum_summer_2018,Ahtanum,summer,2018
J3,Si,0,0,1,glass,-9.296896073,0.321596192,1.826891479,4.70911536,,Ahtanum_summer_2018,Ahtanum,summer,2018
A1,Si,0,0,1,cellulose,-9.469852038,0,,NA,,Ahtanum_fall_2018,Ahtanum,fall,2018
A7,Si,0,0,1,cellulose,-9.459993952,0,,NA,,Ahtanum_fall_2018,Ahtanum,fall,2018
D8,Si,0,0,1,cellulose,-5.838456371,2.933915276,,NA,,Ahtanum_fall_2018,Ahtanum,fall,2018
E3,Si,0,0,1,glass,-10.96501902,3.38651229,0.444466143,1.145684842,,Ahtanum_fall_2018,Ahtanum,fall,2018
E5,Si,0,0,1,cellulose,-8.342014106,0.614873364,,NA,,Ahtanum_fall_2018,Ahtanum,fall,2018
E7,Si,0,0,1,glass,-11.74453273,4.59263531,0.36359989,0.937238728,,Ahtanum_fall_2018,Ahtanum,fall,2018
G8,Si,0,0,1,glass,-16.18958049,8.455538083,0.068368402,0.176230841,,Ahtanum_fall_2018,Ahtanum,fall,2018
J1,Si,0,0,1,cellulose,-18.38130568,2.556504205,,NA,,Ahtanum_fall_2018,Ahtanum,fall,2018
J2,Si,0,0,1,glass,-20.74416584,11.36879507,0.297250307,0.766211728,,Ahtanum_fall_2018,Ahtanum,fall,2018
J3,Si,0,0,1,glass,-20.07468879,9.641902887,0.1276764,0.329106993,,Ahtanum_fall_2018,Ahtanum,fall,2018
U3,Si,0,0,1,glass,0,2.589764991,0.038673146,NA,NA,Reecer_fall_2018,Reecer,fall,2018
U8,Si,0,0,1,sponge,-10.02196457,2.778894,0,NA,NA,Reecer_fall_2018,Reecer,fall,2018
V2,Si,0,0,1,sponge,-1.326639204,0.025760667,0,NA,NA,Reecer_fall_2018,Reecer,fall,2018
V8,Si,0,0,1,sponge,-5.153158774,0,0,NA,NA,Reecer_fall_2018,Reecer,fall,2018
W2,Si,0,0,1,glass,0,0.687892468,0.003283487,NA,NA,Reecer_fall_2018,Reecer,fall,2018
Z3,Si,0,0,1,glass,-0.465660007,1.252190894,0.130766263,NA,NA,Reecer_fall_2018,Reecer,fall,2018
AA1,Si,0,0,1,glass,-0.003955405,1.315073509,0.095811724,NA,NA,Reecer_fall_2018,Reecer,fall,2018
BB6,Si,0,0,1,glass,-0.91249426,1.241024667,0.430895271,NA,NA,Reecer_fall_2018,Reecer,fall,2018
BB7,Si,0,0,1,glass,-1.130359971,1.365642853,0.38162626,NA,NA,Reecer_fall_2018,Reecer,fall,2018
DD1,Si,0,0,1,sponge,-8.800151062,2.746298066,0,NA,NA,Reecer_fall_2018,Reecer,fall,2018
U1,Si,0,0,1,sponge,-3.278977008,0,0,NA,NA,Reecer_summer_2018,Reecer,summer,2018
V4,Si,0,0,1,glass,-1.577717698,4.736254885,0.001298503,NA,NA,Reecer_summer_2018,Reecer,summer,2018
W7,Si,0,0,1,glass,-7.313391943,6.256694038,0.001249257,NA,NA,Reecer_summer_2018,Reecer,summer,2018
X5,Si,0,0,1,sponge,-11.35507005,1.085760288,0,NA,NA,Reecer_summer_2018,Reecer,summer,2018
Y7,Si,0,0,1,glass,-7.858529686,5.796021911,0.000210836,NA,NA,Reecer_summer_2018,Reecer,summer,2018
Z3,Si,0,0,1,glass,-3.567494668,4.775292361,0,NA,NA,Reecer_summer_2018,Reecer,summer,2018
AA6,Si,0,0,1,sponge,-16.23856999,2.547656962,0,NA,NA,Reecer_summer_2018,Reecer,summer,2018
BB2,Si,0,0,1,glass,-3.440042978,5.537579735,0.000777125,NA,NA,Reecer_summer_2018,Reecer,summer,2018
CC1,Si,0,0,1,glass,-5.780233255,1.96046154,0.000720712,NA,NA,Reecer_summer_2018,Reecer,summer,2018
DD6,Si,0,0,1,sponge,-12.74863726,4.814389296,0,NA,NA,Reecer_summer_2018,Reecer,summer,2018
AA8,Si,0,0,1,cellulose,-25.86593136,0.462339834,NA,NA,,Satus_summer_2018,Satus,summer,2018
AB6,Si,0,0,1,glass,-13.43530094,2.620402615,0.449026697,1.15744068,,Satus_summer_2018,Satus,summer,2018
AC5,Si,0,0,1,cellulose,-12.56426715,0,NA,NA,,Satus_summer_2018,Satus,summer,2018
U4,Si,0,0,1,cellulose,-20.95739789,0,NA,NA,,Satus_summer_2018,Satus,summer,2018
V7,Si,0,0,1,glass,-5.6292793,0.956770892,0.900900658,2.322220655,,Satus_summer_2018,Satus,summer,2018
V8,Si,0,0,1,glass,-4.995547875,3.584521046,0.634772895,1.63623227,,Satus_summer_2018,Satus,summer,2018
X1,Si,0,0,1,cellulose,NA,NA,NA,NA,completely eaten,Satus_summer_2018,Satus,summer,2018
X7,Si,0,0,1,glass,-13.26009178,10.04160407,1.121640431,2.891213978,,Satus_summer_2018,Satus,summer,2018
Z5,Si,0,0,1,cellulose,-27.54725609,11.1514443,NA,NA,,Satus_summer_2018,Satus,summer,2018
Z6,Si,0,0,1,glass,-10.72091283,6.738302677,0.891010127,2.296726172,,Satus_summer_2018,Satus,summer,2018
AA8,Si,0,0,1,cellulose,-15.14940688,2.255607987,,NA,,Satus_fall_2018,Satus,fall,2018
AC5,Si,0,0,1,cellulose,-17.07158443,0,,NA,,Satus_fall_2018,Satus,fall,2018
U4,Si,0,0,1,cellulose,-14.3767325,14.3767325,,NA,,Satus_fall_2018,Satus,fall,2018
X1,Si,0,0,1,cellulose,-9.733173654,3.24873584,,NA,,Satus_fall_2018,Satus,fall,2018
Z5,Si,0,0,1,cellulose,-17.30349041,0,,NA,,Satus_fall_2018,Satus,fall,2018
AB6,Si,0,0,1,glass,-17.53154029,6.321382168,0,0,,Satus_fall_2018,Satus,fall,2018
V7,Si,0,0,1,glass,-10.69960797,6.298956079,0.006964885,0.017953142,,Satus_fall_2018,Satus,fall,2018
V8,Si,0,0,1,glass,-9.095217515,3.576367019,0,0,,Satus_fall_2018,Satus,fall,2018
X7,Si,0,0,1,glass,-12.32729246,2.916816547,0.023404315,0.060328485,,Satus_fall_2018,Satus,fall,2018
Z6,Si,0,0,1,glass,-16.22651445,11.67783656,0,0,,Satus_fall_2018,Satus,fall,2018
K1,Si,0,0,1,glass,-13.18238791,8.393443476,0.509926329,1.314419569,,Toppenish_summer_2018,Toppenish,summer,2018
M2,Si,0,0,1,cellulose,-16.05011075,0,NA,NA,LOTS of growth,Toppenish_summer_2018,Toppenish,summer,2018
M7,Si,0,0,1,cellulose,-15.07711218,0,NA,NA,,Toppenish_summer_2018,Toppenish,summer,2018
N5,Si,0,0,1,glass,-11.2568875,5.554791313,0.838599747,2.161629738,,Toppenish_summer_2018,Toppenish,summer,2018
N7,Si,0,0,1,glass,-15.74076829,5.031419517,0.581409135,1.498678338,,Toppenish_summer_2018,Toppenish,summer,2018
P1,Si,0,0,1,cellulose,-13.13020204,0,NA,NA,sparse growth,Toppenish_summer_2018,Toppenish,summer,2018
Q2,Si,0,0,1,cellulose,-22.24510781,7.709049356,NA,NA,,Toppenish_summer_2018,Toppenish,summer,2018
Q8,Si,0,0,1,glass,-14.49321452,3.428901561,0.698852599,1.801408318,,Toppenish_summer_2018,Toppenish,summer,2018
S6,Si,0,0,1,cellulose,-30.23239729,8.192921394,NA,NA,,Toppenish_summer_2018,Toppenish,summer,2018
T6,Si,0,0,1,glass,-20.58803705,4.273953063,1.635992862,4.217042558,,Toppenish_summer_2018,Toppenish,summer,2018
A2,Si,0,0,1,glass,-0.04753479,0.232636419,0.000793405,NA,NA,Wenas_fall_2018,Wenas,fall,2018
B6,Si,0,0,1,glass,-6.593684744,0.554398723,0,NA,NA,Wenas_fall_2018,Wenas,fall,2018
C2,Si,0,0,1,sponge,-6.94335069,0,0,NA,NA,Wenas_fall_2018,Wenas,fall,2018
C7,Si,0,0,1,sponge,-4.365685068,0.199513316,0,NA,NA,Wenas_fall_2018,Wenas,fall,2018
F3,Si,0,0,1,sponge,-5.460911553,0,0,NA,NA,Wenas_fall_2018,Wenas,fall,2018
F6,Si,0,0,1,glass,-6.315255748,2.263086568,0,NA,NA,Wenas_fall_2018,Wenas,fall,2018
H1,Si,0,0,1,sponge,0,0.641360919,0.000957635,NA,NA,Wenas_fall_2018,Wenas,fall,2018
I5,Si,0,0,1,glass,0,0.686877132,0.000513778,NA,NA,Wenas_fall_2018,Wenas,fall,2018
J7,Si,0,0,1,glass,-1.177148005,1.037626611,0.000198121,NA,NA,Wenas_fall_2018,Wenas,fall,2018
A4,Si,0,0,1,glass,-3.206718263,1.323232335,0.231572583,NA,NA,Wenas_summer_2018,Wenas,summer,2018
B5,Si,0,0,1,glass,-2.115899021,0.036355643,0.233772644,NA,NA,Wenas_summer_2018,Wenas,summer,2018
B8,Si,0,0,1,glass,-1.209136444,0,0.165761197,NA,NA,Wenas_summer_2018,Wenas,summer,2018
C3,Si,0,0,1,sponge,-3.238557449,0.82314056,0,NA,NA,Wenas_summer_2018,Wenas,summer,2018
D7,Si,0,0,1,sponge,0,0.39288544,0,NA,NA,Wenas_summer_2018,Wenas,summer,2018
E3,Si,0,0,1,sponge,0,1.705338706,0,NA,NA,Wenas_summer_2018,Wenas,summer,2018
F1,Si,0,0,1,sponge,-0.968312412,0,0,NA,NA,Wenas_summer_2018,Wenas,summer,2018
F6,Si,0,0,1,sponge,-5.749213662,0.029950085,0,NA,NA,Wenas_summer_2018,Wenas,summer,2018
G4,Si,0,0,1,glass,-3.677732119,0.692942155,0.208044032,NA,NA,Wenas_summer_2018,Wenas,summer,2018
