site.date,nds.id,nutrient,N,P,Si,top,cr.area,gpp.area,chla_mgL,chla_ug_cm2,Notes,cr.nrr,chla.nrr,gpp.nrr
kiona_summer,AA1,NSi,1,0,1,sponge,-6.534229024,0,NA,NA,,0.809922934084079,NA,NA
kiona_summer,AA2,Si,0,0,1,sponge,-4.825614763,0,NA,NA,,0.598138824527434,NA,NA
kiona_summer,AA4,P,0,1,0,sponge,-3.852566041,0,NA,NA,,0.477528654140942,NA,NA
kiona_summer,AA6,P,0,1,0,sponge,-5.112780428,0,NA,NA,,0.633733239279464,NA,NA
kiona_summer,AA8,NPSi,1,1,1,sponge,-3.60865454,0,NA,NA,,0.447295627746982,NA,NA
kiona_summer,AB2,PSi,0,1,1,sponge,-4.351220871,0,NA,NA,out of water,0.539337320706713,NA,NA
kiona_summer,AB4,Si,0,0,1,sponge,-4.888046813,0,NA,NA,out of water,0.605877327253794,NA,NA
kiona_summer,AB6,Si,0,0,1,sponge,NA,NA,NA,NA,out of water,NA,NA,NA
kiona_summer,AC5,N,1,0,0,sponge,-2.338366504,0,NA,NA,,0.289842405726428,NA,NA
kiona_summer,AC6,N,1,0,0,sponge,-1.975807364,0,NA,NA,,0.24490290921211,NA,NA
kiona_summer,AC7,N,1,0,0,sponge,-6.984191785,0,NA,NA,,0.865696179600747,NA,NA
kiona_summer,AD1,NP,1,1,0,sponge,-9.965275642,2.593151965,NA,NA,out of water,1.2352039172916,NA,NA
kiona_summer,AD3,control,0,0,0,sponge,-7.279870866,0,NA,NA,out of water,0.902345839101694,NA,NA
kiona_summer,AD7,P,0,1,0,sponge,-4.245500412,0,NA,NA,out of water,0.526233184927037,NA,NA
kiona_summer,AD8,Si,0,0,1,sponge,-8.980386014,0,NA,NA,out of water,1.11312605709893,NA,NA
kiona_summer,U4,control,0,0,0,sponge,-8.855563633,0,NA,NA,,1.09765422274976,NA,NA
kiona_summer,V2,NP,1,1,0,sponge,-14.75051515,0,NA,NA,,1.82833819654309,NA,NA
kiona_summer,V3,NSi,1,0,1,sponge,-14.58144838,0,NA,NA,,1.80738223465201,NA,NA
kiona_summer,V5,PSi,0,1,1,sponge,-14.21735009,0,NA,NA,,1.76225195925935,NA,NA
kiona_summer,V7,NSi,1,0,1,sponge,-12.77630948,0,NA,NA,,1.58363381858833,NA,NA
kiona_summer,W1,control,0,0,0,sponge,NA,NA,NA,NA,,NA,NA,NA
kiona_summer,W2,N,1,0,0,sponge,-12.42835923,5.34875166,NA,NA,,1.5405051057195,NA,NA
kiona_summer,W4,NP,1,1,0,sponge,NA,NA,NA,NA,,NA,NA,NA
kiona_summer,W5,PSi,0,1,1,sponge,NA,NA,NA,NA,,NA,NA,NA
kiona_summer,W7,NSi,1,0,1,sponge,NA,NA,NA,NA,,NA,NA,NA
kiona_summer,W8,P,0,1,0,sponge,-11.87999642,0,NA,NA,,1.47253509512047,NA,NA
kiona_summer,X1,control,0,0,0,sponge,NA,NA,NA,NA,out of water,NA,NA,NA
kiona_summer,X3,N,1,0,0,sponge,NA,NA,NA,NA,out of water,NA,NA,NA
kiona_summer,X4,NP,1,1,0,sponge,-10.17617056,10.17617056,NA,NA,out of water; not touching substrate,1.26134451171255,NA,NA
kiona_summer,X5,NPSi,1,1,1,sponge,NA,NA,NA,NA,out of water,NA,NA,NA
kiona_summer,Y1,Si,0,0,1,sponge,-7.311997974,0,NA,NA,,0.906328019934264,NA,NA
kiona_summer,Y2,NSi,1,0,1,sponge,-7.304025247,0,NA,NA,,0.905339794021035,NA,NA
kiona_summer,Y3,NPSi,1,1,1,sponge,-6.62508507,0,NA,NA,,0.821184613937251,NA,NA
kiona_summer,Y4,PSi,0,1,1,sponge,-5.893250246,0,NA,NA,,0.73047309988687,NA,NA
kiona_summer,Y5,NP,1,1,0,sponge,-5.12431037,0,NA,NA,,0.635162384848155,NA,NA
kiona_summer,Y7,control,0,0,0,sponge,NA,NA,NA,NA,,NA,NA,NA
kiona_summer,Y8,NPSi,1,1,1,sponge,-3.137514766,0,NA,NA,,0.388897474465205,NA,NA
kiona_summer,Z2,PSi,0,1,1,sponge,-2.553474885,0,NA,NA,,0.316505262269363,NA,NA
kiona_summer,Z4,P,0,1,0,sponge,NA,NA,NA,NA,,NA,NA,NA
kiona_summer,Z5,NPSi,1,1,1,sponge,-1.448833142,0,NA,NA,,0.179584031269317,NA,NA
kiona_summer,AA3,NP,1,1,0,glass,-4.425436824,0,0.408535184,1.053066864,,NA,0.785076987454998,NA
kiona_summer,AA5,P,0,1,0,glass,-3.388937138,0,0.16055046,0.413845309,,NA,0.308527824366243,NA
kiona_summer,AA7,N,1,0,0,glass,-3.838253661,0,0.238996468,0.616052842,,NA,0.459276543441262,NA
kiona_summer,AB1,control,0,0,0,glass,-2.334411317,0,0.506765454,1.306271599,out of water,NA,0.973844878040853,NA
kiona_summer,AB3,control,0,0,0,glass,NA,NA,NA,NA,out of water,NA,NA,NA
kiona_summer,AB5,Si,0,0,1,glass,NA,NA,NA,NA,out of water,NA,NA,NA
kiona_summer,AB7,NPSi,1,1,1,glass,-4.710057919,0,0.712009581,1.835322211,out of water and may have switched with AB8,NA,1.36825996684397,NA
kiona_summer,AB8,Si,0,0,1,glass,-3.633918721,0,0.42272393,1.089640698,out of water and may have switched with AB7,NA,0.812343323903316,NA
kiona_summer,AC1,P,0,1,0,glass,-5.189422523,0,1.151217647,2.967453492,,NA,2.21228065145175,NA
kiona_summer,AC2,P,0,1,0,glass,-4.31745011,0,0.412435089,1.063119515,,NA,0.792571388079322,NA
kiona_summer,AC3,Si,0,0,1,glass,-4.083959479,0,0.098321532,0.253439978,,NA,0.188943267736227,NA
kiona_summer,AC4,NP,1,1,0,glass,-3.531799662,0,1.937701265,4.994744823,,NA,3.72365644841645,NA
kiona_summer,AC8,PSi,0,1,1,glass,-5.805886142,0,1.586076311,4.08837347,,NA,3.04794314316069,NA
kiona_summer,AD2,P,0,1,0,glass,-8.568625874,0,0.881391533,2.271932147,out of water,NA,1.69375915874315,NA
kiona_summer,AD4,PSi,0,1,1,glass,-6.673189644,0,0.882390753,2.274507802,out of water,NA,1.69567934779975,NA
kiona_summer,AD5,NSi,1,0,1,glass,-7.689845348,0,0.455500395,1.174127447,out of water,NA,0.875329450095571,NA
kiona_summer,AD6,N,1,0,0,glass,-6.678680072,0,0.64936155,1.67383657,out of water,NA,1.24787002306399,NA
kiona_summer,U1,NSi,1,0,1,glass,-17.79193859,1.924974649,0.811495564,2.091763751,,NA,1.55944094363095,Inf
kiona_summer,U2,NSi,1,0,1,glass,-18.03669304,2.380585771,1.141843797,2.943290846,,NA,2.19426703999068,Inf
kiona_summer,U3,N,1,0,0,glass,-13.39571581,2.509844338,0.2079012,0.535899657,,NA,0.399521153573898,Inf
kiona_summer,U5,PSi,0,1,1,glass,-16.83836068,0,0.562511069,1.449965122,,NA,1.08097053360002,NA
kiona_summer,U6,NPSi,1,1,1,glass,-17.66398476,3.714752473,1.006938738,2.59555079,,NA,1.93502166354333,Inf
kiona_summer,U7,control,0,0,0,glass,-16.33970806,0,NA,NA,,NA,NA,NA
kiona_summer,U8,PSi,0,1,1,glass,-16.15552825,7.215789835,1.157478611,2.98359216,,NA,2.22431226814022,Inf
kiona_summer,V1,NP,1,1,0,glass,-15.49638305,0,1.176703002,3.0331462,,NA,2.26125554094595,NA
kiona_summer,V4,NPSi,1,1,1,glass,-14.82750151,0,0.991259134,2.555134024,,NA,1.90489036421308,NA
kiona_summer,V6,PSi,0,1,1,glass,-14.12511225,3.971564617,0.509464036,1.313227637,,NA,0.97903070768221,Inf
kiona_summer,V8,Si,0,0,1,glass,-12.53613605,0.816349691,0.088808514,0.228918603,,NA,0.17066221847775,Inf
kiona_summer,W3,NP,1,1,0,glass,-12.08099435,0,0.504620346,1.300742229,,NA,0.969722650582631,NA
kiona_summer,W6,NP,1,1,0,glass,NA,NA,NA,NA,,NA,NA,NA
kiona_summer,X2,Si,0,0,1,glass,-11.18409337,0,0.587681296,1.514845536,out of water,NA,1.12933984585288,NA
kiona_summer,X6,N,1,0,0,glass,-9.561731653,9.238707734,0.476425213,1.22806462,out of water,NA,0.915540413651898,Inf
kiona_summer,X7,P,0,1,0,glass,-9.581434272,0,0.034232232,0.088239227,out of water,NA,0.0657836542737496,NA
kiona_summer,X8,N,1,0,0,glass,-9.290911528,0,0.252380598,0.650552647,out of water,NA,0.48499666046622,NA
kiona_summer,Y6,NPSi,1,1,1,glass,-3.128043896,0,1.721397275,4.437185588,,NA,3.30798775775151,NA
kiona_summer,Z1,NSi,1,0,1,glass,-4.368088729,0,0.504673134,1.300878299,,NA,0.969824092788568,NA
kiona_summer,Z3,control,0,0,0,glass,NA,NA,NA,NA,,NA,NA,NA
kiona_summer,Z6,NSi,1,0,1,glass,-7.18513056,0,0.617608832,1.5919887,,NA,1.18685122035935,NA
kiona_summer,Z7,NPSi,1,1,1,glass,-6.695909453,0,0.576883773,1.487013137,,NA,1.10859037902646,NA
kiona_summer,Z8,control,0,0,0,glass,-7.803254776,0,0.533986411,1.376438108,upside down on bottom of river,NA,1.02615505262627,NA
